{"stats":{"minecraft:killed_by":{"minecraft:ravager":12,"hmag:dullahan":1,"minecraft:vindicator":31,"minecraft:zombie":1,"alexsmobs:komodo_dragon":2,"minecraft:vex":33,"alexsmobs:giant_squid":2,"alexsmobs:bison":3,"takesapillage:skirmisher":1,"alexsmobs:centipede_head":2,"minecraft:wither":1,"minecraft:evoker":3,"minecraft:creeper":3,"alexsmobs:crocodile":2,"minecraft:player":6,"takesapillage:legioner":6,"minecraft:spider":1,"minecraft:enderman":1,"takesapillage:archer":3,"minecraft:skeleton":5,"hmag:skeleton_girl":1},"minecraft:used":{"minecraft:dispenser":13,"minecraft:spruce_slab":43,"farmersdelight:cabbage_seeds":36,"minecraft:chest":282,"minecraft:stone":384,"minecraft:rotten_flesh":2,"minecraft:soul_sand":15,"minecraft:deepslate_brick_slab":1145,"minecraft:snowball":5,"hmag:exp_berry":2,"farmersdelight:vegetable_soup":1,"minecraft:lava_bucket":2,"minecraft:stone_brick_stairs":136,"minecraft:bow":923,"minecraft:oak_sapling":8,"minecraft:furnace":41,"minecraft:potato":104,"minecraft:leather_leggings":1,"minecraft:spruce_door":7,"minecraft:wooden_pickaxe":9,"minecraft:cookie":25,"minecraft:sand":6,"minecraft:blast_furnace":4,"minecraft:deepslate_brick_stairs":36,"minecraft:stone_button":32,"minecraft:diamond_sword":1691,"minecraft:wooden_sword":7,"minecraft:oak_boat":5,"minecraft:oak_trapdoor":6,"minecraft:enchanting_table":1,"minecraft:stone_sword":516,"minecraft:netherrack":359,"minecraft:torch":364,"minecraft:brewing_stand":5,"minecraft:golden_shovel":32,"minecraft:iron_axe":802,"minecraft:melon_seeds":1,"minecraft:smooth_basalt":15,"minecraft:glowstone":8,"minecraft:iron_trapdoor":1,"minecraft:goat_horn":1,"farmersdelight:cooking_pot":4,"minecraft:observer":7,"minecraft:cobbled_deepslate":526,"minecraft:wheat_seeds":21,"alexsmobs:cooked_catfish":11,"minecraft:water_bucket":315,"minecraft:deepslate_bricks":3816,"minecraft:comparator":1,"minecraft:oak_slab":188,"minecraft:crafting_table":26,"minecraft:white_bed":8,"minecraft:campfire":1,"minecraft:spruce_log":186,"minecraft:oak_log":75,"minecraft:diamond_pickaxe":3404,"minecraft:iron_pickaxe":3354,"alexsmobs:crocodile_egg":1,"minecraft:spruce_trapdoor":12,"minecraft:spruce_sapling":4,"enchantinginfuser:enchanting_infuser":1,"minecraft:cobblestone":1692,"minecraft:potion":19,"vanillaplustools:iron_hammer":369,"minecraft:cooked_porkchop":5,"minecraft:kelp":237,"minecraft:iron_shovel":1239,"minecraft:polished_deepslate":5,"minecraft:oak_sign":4,"minecraft:shield":97,"minecraft:iron_sword":2079,"minecraft:nether_wart":48,"minecraft:iron_chestplate":1,"minecraft:carrot":4,"minecraft:tuff":10,"minecraft:milk_bucket":1,"minecraft:obsidian":14,"minecraft:glass":72,"minecraft:lantern":15,"minecraft:iron_helmet":3,"minecraft:stone_bricks":225,"minecraft:item_frame":120,"minecraft:repeater":23,"minecraft:beetroot_seeds":17,"minecraft:stone_pickaxe":814,"minecraft:oak_planks":491,"minecraft:diamond_axe":1,"minecraft:sugar_cane":10,"vanillaplustools:diamond_hammer":139,"minecraft:crossbow":5,"alexsmobs:terrapin_bucket":5,"waystones:waystone":7,"minecraft:lever":2,"sophisticatedbackpacks:backpack":1,"minecraft:melon_slice":150,"minecraft:bread":12,"minecraft:grindstone":2,"minecraft:andesite":38,"minecraft:bone_meal":23,"minecraft:oak_fence":7,"minecraft:stone_shovel":468,"minecraft:redstone":3,"minecraft:spruce_planks":10,"minecraft:stone_hoe":13,"minecraft:cooked_chicken":3,"minecraft:oak_door":4,"minecraft:dirt":680,"minecraft:white_carpet":8,"minecraft:hopper":39,"minecraft:spruce_stairs":15,"minecraft:diamond_helmet":1,"minecraft:golden_chestplate":1,"minecraft:granite":3,"hmag:soul_apple":1,"minecraft:stone_brick_slab":141,"minecraft:iron_boots":5,"waystones:warp_plate":9,"minecraft:cooked_beef":191,"minecraft:iron_leggings":10,"minecraft:cooked_mutton":32,"minecraft:acacia_boat":4,"minecraft:cobblestone_stairs":1,"farmersdelight:skillet":1,"minecraft:glass_bottle":47,"minecraft:baked_potato":417,"minecraft:spruce_sign":10,"minecraft:terracotta":4,"minecraft:painting":26,"minecraft:smoker":4,"minecraft:apple":3,"minecraft:stone_axe":403,"minecraft:bucket":355,"alexsmobs:animal_dictionary":17,"takesapillage:ravager_horn":1,"minecraft:purple_carpet":5,"minecraft:splash_potion":3},"minecraft:mined":{"minecraft:white_bed":5,"alexsmobs:leafcutter_anthill":1,"minecraft:obsidian":23,"minecraft:granite":298,"minecraft:acacia_log":2,"minecraft:jungle_log":8,"minecraft:deepslate_bricks":525,"minecraft:hopper":29,"minecraft:oak_wall_sign":5,"minecraft:nether_wart":87,"minecraft:tall_seagrass":9,"minecraft:magma_block":9,"minecraft:cobbled_deepslate":116,"minecraft:fire":60,"minecraft:pumpkin":8,"minecraft:deepslate_lapis_ore":65,"minecraft:enchanting_table":1,"minecraft:cave_vines":26,"minecraft:oak_stairs":1,"minecraft:deepslate_brick_stairs":4,"minecraft:brown_mushroom":10,"minecraft:kelp_plant":44,"minecraft:amethyst_cluster":71,"minecraft:torch":103,"minecraft:melon":24,"farmersdelight:cabbages":1,"minecraft:glass":5,"minecraft:cyan_bed":1,"minecraft:sugar_cane":70,"minecraft:amethyst_block":12,"minecraft:white_terracotta":26,"minecraft:repeater":2,"minecraft:wheat":19,"minecraft:copper_block":2,"minecraft:stone_brick_stairs":7,"minecraft:grass":381,"minecraft:smooth_basalt":15,"minecraft:deepslate":2341,"farmersdelight:wild_carrots":2,"minecraft:dark_oak_log":1,"minecraft:nether_bricks":8,"farmersdelight:wild_cabbages":14,"minecraft:red_mushroom":5,"minecraft:kelp":87,"minecraft:redstone_ore":30,"minecraft:andesite":478,"minecraft:potatoes":103,"minecraft:vine":4,"minecraft:white_wool":1,"minecraft:oak_slab":78,"minecraft:soul_sand":19,"minecraft:stone_brick_slab":16,"minecraft:observer":4,"minecraft:dandelion":10,"minecraft:copper_ore":64,"minecraft:tall_grass":108,"minecraft:deepslate_gold_ore":165,"minecraft:diorite":124,"minecraft:red_terracotta":19,"minecraft:coarse_dirt":1,"minecraft:white_carpet":18,"minecraft:spruce_log":292,"minecraft:sunflower":9,"minecraft:gravel":137,"minecraft:dripstone_block":30,"minecraft:cobweb":121,"minecraft:brown_terracotta":18,"minecraft:stone_bricks":30,"minecraft:gold_ore":31,"minecraft:fern":7,"minecraft:large_amethyst_bud":1,"minecraft:spruce_planks":10,"minecraft:attached_melon_stem":1,"minecraft:jungle_slab":1,"minecraft:cobblestone_stairs":32,"minecraft:brewing_stand":4,"minecraft:spruce_trapdoor":9,"minecraft:cave_vines_plant":8,"minecraft:budding_amethyst":2,"minecraft:grass_block":521,"minecraft:raw_iron_block":3,"minecraft:glowstone":232,"farmersdelight:wild_rice":17,"minecraft:iron_ore":276,"alexsmobs:crocodile_egg":1,"minecraft:pointed_dripstone":24,"minecraft:purple_carpet":5,"sophisticatedbackpacks:copper_backpack":2,"minecraft:spruce_slab":1,"minecraft:deepslate_redstone_ore":167,"minecraft:lime_candle":3,"minecraft:clay":3,"minecraft:light_gray_terracotta":17,"minecraft:calcite":4,"minecraft:poppy":3,"minecraft:chest":81,"minecraft:nether_quartz_ore":78,"minecraft:cobblestone":932,"minecraft:oak_planks":53,"minecraft:grindstone":2,"minecraft:wall_torch":125,"minecraft:seagrass":6,"farmersdelight:sandy_shrub":4,"minecraft:oak_log":451,"minecraft:beetroots":6,"minecraft:sand":125,"minecraft:dirt":1152,"minecraft:netherrack":456,"minecraft:oak_leaves":55,"minecraft:diamond_ore":2,"minecraft:crying_obsidian":6,"minecraft:tuff":347,"minecraft:deepslate_diamond_ore":83,"gravestone:gravestone":22,"minecraft:stone_button":1,"farmersdelight:tomatoes":2,"minecraft:spruce_leaves":54,"minecraft:large_fern":1,"minecraft:deepslate_brick_slab":84,"minecraft:furnace":32,"minecraft:carrots":25,"minecraft:peony":2,"minecraft:gold_block":1,"minecraft:polished_deepslate":4,"minecraft:deepslate_iron_ore":379,"minecraft:lantern":9,"minecraft:stone":3373,"sophisticatedbackpacks:backpack":1,"farmersdelight:cooking_pot":3,"minecraft:podzol":9,"waystones:warp_plate":7,"minecraft:basalt":9,"minecraft:spruce_door":6,"minecraft:oak_fence":2,"minecraft:crafting_table":23,"minecraft:lapis_ore":22,"minecraft:lily_pad":1,"minecraft:spruce_stairs":4,"minecraft:cactus":2,"minecraft:sweet_berry_bush":23,"minecraft:coal_ore":513,"minecraft:terracotta":41},"minecraft:dropped":{"sophisticatedbackpacks:iron_backpack":1,"minecraft:clay":5,"minecraft:iron_sword":3,"minecraft:porkchop":2,"minecraft:lapis_lazuli":9,"minecraft:cooked_beef":64,"minecraft:glass_bottle":8,"minecraft:diamond":30,"minecraft:crafting_table":2,"minecraft:cooked_porkchop":8,"minecraft:crossbow":3,"minecraft:leather_helmet":4,"minecraft:item_frame":1,"sophisticatedbackpacks:gold_backpack":7,"minecraft:emerald":35,"minecraft:dirt":148,"minecraft:dark_oak_fence":2,"minecraft:stone_button":1,"alexsmobs:flying_fish":4,"minecraft:gold_nugget":6,"minecraft:wooden_sword":3,"minecraft:bone_meal":37,"minecraft:sunflower":7,"minecraft:sugar":1,"minecraft:iron_pickaxe":3,"vanillaplustools:iron_hammer":3,"alexsmobs:raccoon_tail":1,"minecraft:white_wool":4,"minecraft:bone":24,"minecraft:oak_door":1,"minecraft:dark_oak_door":2,"minecraft:stone_axe":2,"minecraft:sugar_cane":6,"minecraft:iron_nugget":3,"alexsmobs:gazelle_horn":3,"minecraft:cooked_chicken":2,"minecraft:golden_chestplate":1,"alexsmobs:animal_dictionary":7,"minecraft:cobbled_deepslate":1002,"minecraft:deepslate_brick_slab":387,"minecraft:rotten_flesh":25,"minecraft:oak_planks":3,"minecraft:salmon":6,"minecraft:leather_boots":4,"minecraft:acacia_sapling":25,"farmersdelight:onion_crate":3,"minecraft:painting":1,"minecraft:glass":28,"minecraft:beef":11,"minecraft:golden_boots":1,"minecraft:iron_ingot":268,"minecraft:wheat_seeds":40,"farmersdelight:skillet":1,"minecraft:dripstone_block":4,"minecraft:iron_helmet":2,"minecraft:feather":1,"minecraft:cobblestone":328,"minecraft:book":3,"minecraft:granite":300,"minecraft:coal":11,"minecraft:golden_apple":1,"minecraft:oxeye_daisy":1,"minecraft:cobweb":6,"minecraft:jungle_slab":1,"minecraft:gray_wool":2,"minecraft:ink_sac":13,"minecraft:diamond_helmet":4,"minecraft:potion":19,"minecraft:brown_terracotta":11,"minecraft:string":54,"minecraft:lily_pad":2,"minecraft:spruce_sapling":9,"waystones:attuned_shard":3,"minecraft:furnace":2,"hmag:soul_powder":23,"minecraft:stone_sword":3,"minecraft:deepslate":1,"minecraft:chicken":3,"minecraft:white_carpet":13,"minecraft:clay_ball":1,"minecraft:iron_boots":4,"minecraft:white_terracotta":17,"hmag:soul_apple":2,"minecraft:shears":3,"minecraft:pumpkin_seeds":28,"minecraft:diamond_sword":4,"alexsmobs:cockroach_wing_fragment":1,"minecraft:peony":4,"minecraft:spruce_planks":11,"minecraft:diamond_pickaxe":2,"minecraft:spider_eye":24,"sophisticatedbackpacks:copper_backpack":7,"minecraft:bow":6,"waystones:waystone":1,"minecraft:red_tulip":2,"minecraft:black_wool":1,"hmag:exp_berry":2,"minecraft:terracotta":19,"minecraft:acacia_boat":1,"minecraft:soul_sand":5,"minecraft:baked_potato":105,"minecraft:leather":7,"hmag:mysterious_petal":2,"minecraft:dark_oak_log":1,"minecraft:snowball":4,"gravestone:obituary":36,"farmersdelight:onion":10,"minecraft:gravel":60,"minecraft:pointed_dripstone":19,"minecraft:carrot":66,"sophisticatedbackpacks:diamond_backpack":2,"waystones:warp_stone":2,"minecraft:poppy":3,"minecraft:leather_chestplate":2,"minecraft:gunpowder":77,"minecraft:chest":1,"minecraft:chainmail_boots":1,"minecraft:basalt":8,"minecraft:arrow":55,"minecraft:enchanting_table":1,"minecraft:water_bucket":3,"minecraft:oak_slab":46,"minecraft:vine":2,"minecraft:golden_helmet":2,"minecraft:diamond_leggings":2,"minecraft:poisonous_potato":3,"minecraft:lead":2,"minecraft:observer":13,"minecraft:copper_ingot":17,"minecraft:stick":53,"minecraft:iron_block":1,"minecraft:diorite":220,"minecraft:torch":95,"hmag:copper_nugget":2,"minecraft:melon_slice":6,"minecraft:iron_leggings":7,"minecraft:jungle_leaves":18,"minecraft:iron_axe":2,"sophisticatedbackpacks:crafting_upgrade":2,"sophisticatedbackpacks:jukebox_upgrade":1,"minecraft:bucket":13,"minecraft:polished_deepslate":52,"minecraft:redstone":34,"minecraft:kelp":128,"alexsmobs:maggot":5,"minecraft:coarse_dirt":11,"minecraft:raw_copper":78,"minecraft:light_gray_terracotta":17,"minecraft:tuff":445,"minecraft:raw_iron":14,"minecraft:wither_skeleton_skull":4,"minecraft:light_gray_wool":1,"farmersdelight:vegetable_soup":2,"minecraft:totem_of_undying":1,"minecraft:red_terracotta":19,"minecraft:deepslate_bricks":48,"minecraft:shield":2,"minecraft:diamond_chestplate":2,"minecraft:iron_chestplate":4,"minecraft:andesite":632,"minecraft:oak_boat":2,"minecraft:oak_sapling":16,"minecraft:diamond_boots":3,"minecraft:stone_pickaxe":11,"minecraft:wooden_pickaxe":3,"minecraft:raw_gold":8,"minecraft:calcite":15,"minecraft:brick":13},"minecraft:killed":{"hmag:necrotic_reaper":3,"elementalcreepers:ice_creeper":15,"hmag:wither_skeleton_girl":2,"minecraft:cave_spider":4,"hmag:imp":1,"elementalcreepers:fire_creeper":16,"elementalcreepers:earth_creeper":18,"alexsmobs:shoebill":1,"hmag:fortress_keeper":9,"minecraft:skeleton":314,"elementalcreepers:fake_illusion_creeper":69,"alexsmobs:leafcutter_ant":1,"minecraft:chicken":19,"alexsmobs:capuchin_monkey":1,"alexsmobs:straddler":3,"alexsmobs:centipede_head":3,"elementalcreepers:cookie_creeper":4,"hmag:catoblepas":2,"minecraft:magma_cube":44,"minecraft:pillager":47,"hmag:dyssomnia":1,"minecraft:zombie":791,"hmag:melty_monster":4,"hmag:ogre":2,"minecraft:glow_squid":2,"takesapillage:archer":13,"minecraft:cow":54,"minecraft:evoker":8,"alexsmobs:raccoon":5,"hmag:creeper_girl":28,"minecraft:vindicator":25,"hmag:skeleton_girl":46,"alexsmobs:seagull":1,"elementalcreepers:water_creeper":19,"hmag:zombie_girl":35,"alexsmobs:underminer":2,"alexsmobs:rocky_roller":2,"elementalcreepers:ghost_creeper":3,"minecraft:wandering_trader":1,"alexsmobs:rhinoceros":1,"minecraft:ravager":4,"hmag:kobold":9,"alexsmobs:catfish":7,"alexsmobs:giant_squid":5,"alexsmobs:crocodile":4,"minecraft:enderman":9,"elementalcreepers:light_creeper":7,"alexsmobs:hummingbird":1,"minecraft:witch":8,"alexsmobs:anaconda":2,"elementalcreepers:celebration_creeper":2,"minecraft:spider":98,"alexsmobs:alligator_snapping_turtle":2,"elementalcreepers:dark_creeper":19,"elementalcreepers:reverse_creeper":16,"alexsmobs:kangaroo":2,"hmag:harpy":7,"minecraft:piglin":1,"minecraft:pig":7,"minecraft:zombie_villager":10,"alexsmobs:stradpole":2,"hmag:kasha":1,"minecraft:creeper":249,"minecraft:sheep":29,"minecraft:trader_llama":4,"alexsmobs:terrapin":5,"minecraft:ghast":1,"alexsmobs:fly":15,"hmag:alraune":2,"alexsmobs:komodo_dragon":2,"minecraft:blaze":44,"alexsmobs:dropbear":1,"alexsmobs:bone_serpent":1,"minecraft:vex":15,"takesapillage:legioner":8,"alexsmobs:rattlesnake":2,"elementalcreepers:spider_creeper":13,"minecraft:phantom":13,"hmag:lich":1,"elementalcreepers:electric_creeper":17,"alexsmobs:bison":8,"minecraft:drowned":4,"alexsmobs:flying_fish":7,"elementalcreepers:illusion_creeper":14,"hmag:ghost":55,"elementalcreepers:psychic_creeper":13,"takesapillage:skirmisher":6,"minecraft:bat":1,"minecraft:squid":4,"elementalcreepers:magma_creeper":7,"alexsmobs:cockroach":6,"alexsmobs:gazelle":13,"hmag:spider_nest":1,"minecraft:wither_skeleton":54},"minecraft:picked_up":{"minecraft:iron_chestplate":26,"minecraft:chainmail_boots":1,"minecraft:lead":9,"minecraft:diamond_sword":10,"minecraft:oak_stairs":1,"minecraft:wither_rose":3,"minecraft:enchanted_book":6,"hmag:ancient_stone":3,"minecraft:brewing_stand":4,"minecraft:amethyst_block":12,"minecraft:polished_deepslate":57,"minecraft:string":589,"hmag:ravager_meat":167,"waystones:warp_plate":7,"minecraft:beetroot":7,"minecraft:diamond_leggings":2,"minecraft:gold_nugget":22,"minecraft:cobbled_deepslate":3690,"minecraft:spruce_planks":59,"hmag:cureberry":2,"minecraft:melon_slice":533,"minecraft:dark_oak_door":1,"minecraft:golden_helmet":8,"sophisticatedbackpacks:stack_upgrade_starter_tier":1,"minecraft:acacia_log":50,"hmag:lich_cloth":2,"minecraft:golden_chestplate":5,"alexsmobs:centipede_leg":2,"minecraft:black_dye":9,"minecraft:stone_sword":14,"farmersdelight:onion":20,"minecraft:red_tulip":8,"minecraft:glowstone":1,"farmersdelight:rope":19,"minecraft:white_terracotta":17,"minecraft:blaze_rod":46,"minecraft:snowball":17,"alexsmobs:flying_fish":5,"minecraft:birch_log":104,"minecraft:magma_block":10,"minecraft:dune_armor_trim_smithing_template":3,"minecraft:feather":82,"minecraft:cooked_beef":199,"farmersdelight:rice":23,"minecraft:water_bucket":12,"minecraft:jungle_log":292,"minecraft:copper_block":4,"minecraft:smoker":2,"vanillaplustools:diamond_hammer":1,"alexsmobs:bison_fur":29,"minecraft:flint":17,"alexsmobs:cooked_kangaroo_meat":5,"farmersdelight:tomato":3,"minecraft:lantern":11,"minecraft:purple_carpet":5,"farmersdelight:vegetable_soup":1,"minecraft:diamond_helmet":10,"hmag:exp_berry":5,"minecraft:glowstone_dust":888,"minecraft:glow_lichen":5,"hmag:necrofiber":2,"alexsmobs:crocodile_egg":4,"sophisticatedbackpacks:iron_backpack":8,"minecraft:ink_sac":36,"minecraft:red_terracotta":19,"minecraft:dark_oak_log":1,"alexsmobs:animal_dictionary":25,"alexsmobs:kangaroo_hide":3,"enchantinginfuser:enchanting_infuser":1,"minecraft:granite":603,"minecraft:bread":1,"minecraft:chainmail_helmet":1,"alexsmobs:maggot":29,"minecraft:dark_oak_fence":4,"minecraft:diamond_pickaxe":11,"sophisticatedbackpacks:gold_backpack":21,"minecraft:crafting_table":35,"minecraft:coarse_dirt":3,"minecraft:nether_wart":205,"minecraft:clay_ball":27,"minecraft:leather_leggings":5,"hmag:cooked_ravager_meat":18,"gravestone:obituary":9,"alexsmobs:cooked_catfish":21,"minecraft:flint_and_steel":5,"minecraft:white_carpet":2,"minecraft:iron_shovel":6,"minecraft:beef":197,"minecraft:jungle_sapling":17,"minecraft:iron_nugget":33,"minecraft:poppy":5,"minecraft:spruce_slab":9,"minecraft:chest":103,"minecraft:oak_door":3,"sophisticatedbackpacks:crafting_upgrade":2,"alexsmobs:straddlite":1,"sophisticatedbackpacks:backpack":4,"minecraft:fire_charge":4,"farmersdelight:tomato_seeds":2,"minecraft:carrot":1148,"minecraft:redstone":1238,"minecraft:tnt":1,"minecraft:stone_shovel":6,"minecraft:diamond_chestplate":2,"minecraft:beetroot_seeds":20,"minecraft:peony":4,"minecraft:deepslate_bricks":2490,"minecraft:shears":2,"minecraft:diamond_boots":5,"minecraft:gold_ingot":107,"minecraft:totem_of_undying":12,"sophisticatedbackpacks:copper_backpack":13,"minecraft:glow_berries":14,"minecraft:mutton":93,"minecraft:white_wool":81,"minecraft:rail":4,"hmag:mysterious_petal":7,"minecraft:oxeye_daisy":3,"alexsmobs:acacia_blossom":20,"minecraft:red_mushroom":5,"minecraft:oak_log":873,"minecraft:lily_pad":6,"minecraft:golden_boots":3,"farmersdelight:skillet":1,"vanillaplustools:iron_hammer":4,"minecraft:paper":12,"minecraft:white_banner":35,"hmag:fire_bottle":4,"minecraft:apple":9,"minecraft:stone_bricks":94,"farmersdelight:cooking_pot":3,"minecraft:kelp":952,"alexsmobs:cockroach_wing_fragment":9,"minecraft:stone_pickaxe":30,"minecraft:cobweb":3,"minecraft:glass_bottle":59,"minecraft:iron_sword":36,"minecraft:smooth_basalt":15,"minecraft:milk_bucket":1,"minecraft:sweet_berries":65,"minecraft:gravel":143,"minecraft:spruce_sapling":28,"minecraft:spruce_log":345,"minecraft:crying_obsidian":7,"minecraft:leather_helmet":5,"hmag:randomberry":6,"minecraft:stone_axe":24,"minecraft:painting":28,"minecraft:gray_wool":7,"minecraft:baked_potato":1128,"minecraft:melon_seeds":1,"minecraft:hopper":33,"minecraft:ender_pearl":20,"minecraft:wheat":19,"minecraft:potion":19,"minecraft:nether_brick":46,"minecraft:stone_brick_stairs":38,"alexsmobs:gazelle_horn":17,"minecraft:raw_copper":469,"minecraft:iron_leggings":45,"minecraft:experience_bottle":1,"minecraft:oak_sign":6,"alexsmobs:dropbear_claw":1,"minecraft:smooth_stone":2,"minecraft:bucket":10,"farmersdelight:cabbage":2,"hmag:bat_wing":7,"minecraft:calcite":8,"minecraft:iron_pickaxe":18,"alexsmobs:raccoon_tail":4,"farmersdelight:cabbage_seeds":52,"minecraft:iron_boots":25,"minecraft:furnace":36,"minecraft:stick":263,"minecraft:brown_terracotta":11,"minecraft:oak_fence":3,"minecraft:torch":420,"hmag:diamond_fragment":7,"minecraft:spruce_stairs":25,"minecraft:porkchop":16,"minecraft:pointed_dripstone":156,"minecraft:diorite":318,"minecraft:vine":48,"minecraft:goat_horn":1,"hmag:soul_apple":2,"minecraft:cactus":15,"minecraft:rotten_flesh":718,"hmag:ogre_horn":2,"minecraft:deepslate_brick_stairs":4,"minecraft:obsidian":20,"minecraft:blaze_powder":4,"hmag:spectral_soup":1,"minecraft:cobblestone":5854,"minecraft:enchanting_table":1,"minecraft:leather_chestplate":3,"hmag:copper_nugget":6,"farmersdelight:onion_crate":6,"minecraft:magma_cream":27,"minecraft:repeater":1,"minecraft:andesite":885,"minecraft:golden_leggings":3,"minecraft:potato":578,"minecraft:tuff":504,"minecraft:wither_skeleton_skull":4,"minecraft:acacia_boat":12,"alexsmobs:rocky_shell":2,"minecraft:lapis_lazuli":880,"minecraft:dirt":2956,"hmag:evil_crystal_fragment":8,"minecraft:leather_boots":6,"minecraft:glass":32,"minecraft:bone":513,"minecraft:acacia_planks":4,"minecraft:bow":34,"minecraft:wheat_seeds":335,"minecraft:deepslate_brick_slab":113,"minecraft:raw_gold":325,"minecraft:grindstone":9,"minecraft:oak_planks":179,"minecraft:stone_hoe":1,"minecraft:cooked_porkchop":24,"hmag:soul_powder":114,"minecraft:poisonous_potato":9,"minecraft:sand":127,"minecraft:jungle_planks":20,"sophisticatedbackpacks:jukebox_upgrade":2,"hmag:kobold_leather":16,"minecraft:jungle_slab":33,"minecraft:mossy_cobblestone":96,"minecraft:jungle_leaves":36,"minecraft:light_gray_terracotta":17,"minecraft:sugar":42,"minecraft:clay":2,"minecraft:diamond":213,"waystones:waystone":8,"alexsmobs:rattlesnake_rattle":3,"minecraft:crossbow":47,"hmag:burning_core":21,"minecraft:golden_apple":5,"minecraft:spruce_sign":2,"minecraft:emerald":140,"sophisticatedbackpacks:xp_pump_upgrade":1,"minecraft:oak_sapling":93,"minecraft:netherrack":404,"minecraft:azure_bluet":1,"minecraft:cocoa_beans":55,"minecraft:allium":14,"minecraft:chicken":31,"minecraft:brown_mushroom":11,"minecraft:wooden_pickaxe":2,"minecraft:gold_block":1,"minecraft:diamond_horse_armor":1,"minecraft:brick":13,"minecraft:shield":18,"alexsmobs:hummingbird_feeder":1,"minecraft:oak_trapdoor":6,"minecraft:iron_axe":31,"minecraft:wooden_sword":1,"minecraft:item_frame":17,"takesapillage:ravager_horn":19,"minecraft:oak_boat":8,"minecraft:observer":4,"minecraft:light_gray_wool":1,"minecraft:sugar_cane":159,"minecraft:spruce_trapdoor":16,"minecraft:phantom_membrane":10,"minecraft:raw_iron":1209,"minecraft:copper_ingot":49,"minecraft:stone_button":1,"minecraft:cookie":25,"minecraft:iron_horse_armor":1,"alexsmobs:crocodile_scute":8,"minecraft:lime_candle":6,"minecraft:arrow":375,"minecraft:nether_bricks":5,"hmag:emerald_fragment":6,"minecraft:basalt":17,"minecraft:golden_carrot":34,"minecraft:glow_ink_sac":22,"minecraft:salmon":19,"minecraft:leather":178,"alexsmobs:cachalot_whale_tooth":1,"minecraft:chainmail_chestplate":2,"minecraft:gunpowder":219,"minecraft:cobblestone_stairs":53,"minecraft:cooked_mutton":23,"minecraft:iron_ingot":418,"minecraft:cooked_chicken":25,"minecraft:acacia_sapling":188,"minecraft:soul_sand":20,"sophisticatedbackpacks:diamond_backpack":1,"minecraft:green_dye":10,"minecraft:book":1,"minecraft:oak_slab":262,"minecraft:pumpkin":22,"minecraft:stone_brick_slab":15,"minecraft:quartz":253,"minecraft:dandelion":38,"minecraft:raw_iron_block":3,"minecraft:dripstone_block":128,"minecraft:amethyst_shard":290,"waystones:attuned_shard":3,"minecraft:white_bed":5,"minecraft:spruce_door":9,"minecraft:spider_eye":98,"alexsmobs:raw_catfish":6,"minecraft:pumpkin_seeds":38,"minecraft:iron_helmet":19,"hmag:lemon":2,"minecraft:terracotta":23,"minecraft:black_wool":3,"minecraft:coal":1184,"minecraft:sunflower":40},"minecraft:crafted":{"minecraft:black_dye":6,"minecraft:smooth_stone":24,"minecraft:blaze_powder":16,"minecraft:diamond_shovel":1,"waystones:warp_plate":2,"minecraft:lever":2,"sophisticatedbackpacks:crafting_upgrade":2,"minecraft:cooked_mutton":17,"minecraft:deepslate_brick_stairs":4,"minecraft:glass":102,"sophisticatedbackpacks:smelting_upgrade":3,"vanillaplustools:iron_hammer":2,"minecraft:diamond_helmet":5,"minecraft:repeater":1,"minecraft:diamond_leggings":5,"sophisticatedbackpacks:copper_backpack":1,"sophisticatedbackpacks:tank_upgrade":1,"minecraft:glass_bottle":6,"minecraft:deepslate":1,"minecraft:wooden_shovel":1,"minecraft:emerald":42,"minecraft:cooked_porkchop":10,"minecraft:diamond_axe":1,"minecraft:spruce_door":3,"minecraft:copper_ingot":144,"waystones:warp_stone":2,"minecraft:campfire":1,"minecraft:painting":2,"minecraft:stone_brick_stairs":136,"minecraft:iron_pickaxe":23,"minecraft:iron_block":1,"minecraft:gold_ingot":27,"sophisticatedbackpacks:blasting_upgrade":2,"minecraft:stone_shovel":3,"minecraft:iron_nugget":63,"minecraft:experience_bottle":12,"sophisticatedbackpacks:stack_upgrade_tier_1":1,"minecraft:bone_meal":72,"minecraft:lantern":7,"minecraft:diamond":45,"minecraft:spruce_stairs":32,"minecraft:spruce_slab":48,"minecraft:ender_pearl":12,"minecraft:stone_pickaxe":8,"minecraft:diamond_boots":5,"minecraft:redstone_block":20,"minecraft:wheat":54,"minecraft:enchanting_table":1,"hmag:cooked_ravager_meat":1,"farmersdelight:cooking_pot":1,"sophisticatedbackpacks:gold_backpack":5,"minecraft:glowstone":210,"minecraft:enchanted_book":1,"alexsmobs:hummingbird_feeder":1,"hmag:soul_apple":1,"minecraft:fermented_spider_eye":1,"minecraft:iron_shovel":3,"minecraft:iron_leggings":3,"minecraft:white_bed":3,"minecraft:brick":2,"minecraft:oak_planks":1692,"minecraft:cooked_chicken":10,"minecraft:stone":1141,"minecraft:green_dye":5,"minecraft:stone_brick_slab":150,"minecraft:bow":18,"minecraft:iron_boots":6,"minecraft:comparator":1,"minecraft:chest":165,"minecraft:copper_block":14,"minecraft:stone_bricks":760,"minecraft:oak_fence":6,"minecraft:smoker":4,"minecraft:oak_slab":192,"minecraft:item_frame":72,"sophisticatedbackpacks:backpack":2,"minecraft:crafting_table":7,"minecraft:spruce_planks":212,"minecraft:iron_helmet":3,"minecraft:wooden_pickaxe":1,"minecraft:baked_potato":234,"minecraft:gold_block":3,"minecraft:birch_planks":64,"minecraft:pumpkin_seeds":4,"sophisticatedbackpacks:upgrade_base":6,"minecraft:dispenser":13,"minecraft:spruce_trapdoor":12,"minecraft:book":6,"minecraft:iron_chestplate":4,"minecraft:paper":18,"minecraft:diamond_pickaxe":2,"minecraft:shield":4,"sophisticatedbackpacks:diamond_backpack":1,"minecraft:stick":800,"minecraft:iron_ingot":306,"minecraft:stone_sword":3,"minecraft:redstone_torch":40,"minecraft:deepslate_bricks":1764,"minecraft:shears":1,"minecraft:wooden_sword":1,"minecraft:oak_door":3,"minecraft:raw_iron":27,"minecraft:furnace":26,"minecraft:stone_button":32,"minecraft:blast_furnace":4,"minecraft:diamond_block":3,"minecraft:oak_trapdoor":12,"minecraft:polished_deepslate":1764,"minecraft:iron_axe":5,"minecraft:iron_hoe":1,"minecraft:lime_dye":10,"minecraft:observer":3,"sophisticatedbackpacks:iron_backpack":2,"minecraft:cooked_beef":79,"minecraft:sugar":43,"minecraft:diamond_sword":1,"minecraft:iron_trapdoor":1,"minecraft:spruce_sign":9,"minecraft:iron_sword":11,"minecraft:bowl":8,"minecraft:cooked_salmon":2,"minecraft:golden_shovel":1,"minecraft:bucket":2,"minecraft:stone_axe":3,"minecraft:air":0,"minecraft:jungle_planks":684,"minecraft:oak_boat":1,"minecraft:white_dye":12,"waystones:warp_dust":12,"minecraft:acacia_planks":200,"minecraft:torch":28,"minecraft:lapis_block":8,"minecraft:diamond_chestplate":5},"minecraft:custom":{"minecraft:interact_with_crafting_table":259,"minecraft:eat_cake_slice":1,"minecraft:leave_game":29,"minecraft:time_since_death":92465,"minecraft:damage_blocked_by_shield":6360,"minecraft:play_time":2697362,"minecraft:deaths":124,"minecraft:jump":39908,"minecraft:enchant_item":11,"minecraft:interact_with_furnace":535,"minecraft:traded_with_villager":67,"minecraft:sleep_in_bed":53,"minecraft:waystone_activated":7,"minecraft:damage_dealt":221687,"minecraft:interact_with_smoker":112,"minecraft:horse_one_cm":5658,"minecraft:interact_with_anvil":17,"minecraft:inspect_hopper":4,"minecraft:damage_dealt_absorbed":519,"minecraft:sneak_time":154684,"minecraft:interact_with_blast_furnace":124,"minecraft:total_world_time":2697362,"minecraft:time_since_rest":23997,"minecraft:swim_one_cm":1269026,"minecraft:fly_one_cm":9170905,"minecraft:open_chest":2788,"minecraft:fall_one_cm":739409,"minecraft:animals_bred":28,"minecraft:sprint_one_cm":7841932,"minecraft:drop":643,"minecraft:talked_to_villager":18,"minecraft:interact_with_brewingstand":132,"minecraft:walk_on_water_one_cm":272989,"minecraft:player_kills":18,"minecraft:crouch_one_cm":559095,"minecraft:mob_kills":2515,"minecraft:damage_dealt_resisted":1459,"minecraft:climb_one_cm":13948,"minecraft:walk_one_cm":4239470,"minecraft:raid_win":1,"minecraft:walk_under_water_one_cm":894284,"minecraft:boat_one_cm":464859,"minecraft:raid_trigger":1,"minecraft:interact_with_grindstone":5,"minecraft:damage_taken":68901},"minecraft:broken":{"minecraft:iron_boots":2,"minecraft:iron_chestplate":3,"minecraft:iron_leggings":4,"takesapillage:ravager_horn":1,"minecraft:iron_sword":8,"minecraft:stone_sword":3,"minecraft:shield":2,"minecraft:iron_axe":2,"minecraft:iron_pickaxe":12,"minecraft:iron_helmet":5,"minecraft:iron_shovel":5,"minecraft:golden_shovel":1,"minecraft:stone_pickaxe":5,"minecraft:chainmail_chestplate":1,"minecraft:stone_axe":2,"minecraft:stone_shovel":3,"minecraft:golden_chestplate":1}},"DataVersion":3465}