{"stats":{"minecraft:crafted":{"minecraft:black_dye":6,"minecraft:smooth_stone":18,"minecraft:blaze_powder":8,"minecraft:lever":2,"sophisticatedbackpacks:crafting_upgrade":2,"minecraft:cooked_mutton":17,"minecraft:deepslate_brick_stairs":4,"sophisticatedbackpacks:smelting_upgrade":2,"minecraft:glass":75,"vanillaplustools:iron_hammer":2,"minecraft:diamond_helmet":4,"minecraft:repeater":1,"minecraft:diamond_leggings":4,"sophisticatedbackpacks:copper_backpack":1,"minecraft:glass_bottle":3,"minecraft:wooden_shovel":1,"minecraft:emerald":22,"minecraft:cooked_porkchop":10,"minecraft:spruce_door":3,"minecraft:copper_ingot":144,"waystones:warp_stone":2,"minecraft:campfire":1,"minecraft:painting":2,"minecraft:stone_brick_stairs":136,"minecraft:iron_pickaxe":23,"minecraft:iron_block":1,"minecraft:gold_ingot":27,"sophisticatedbackpacks:blasting_upgrade":2,"minecraft:stone_shovel":3,"minecraft:iron_nugget":63,"minecraft:bone_meal":72,"minecraft:lantern":7,"minecraft:diamond":45,"minecraft:spruce_stairs":32,"minecraft:spruce_slab":48,"minecraft:stone_pickaxe":8,"minecraft:diamond_boots":4,"minecraft:redstone_block":20,"minecraft:enchanting_table":1,"hmag:cooked_ravager_meat":1,"farmersdelight:cooking_pot":1,"sophisticatedbackpacks:gold_backpack":5,"minecraft:glowstone":6,"minecraft:enchanted_book":1,"alexsmobs:hummingbird_feeder":1,"hmag:soul_apple":1,"minecraft:iron_shovel":2,"minecraft:iron_leggings":3,"minecraft:white_bed":3,"minecraft:brick":2,"minecraft:oak_planks":1140,"minecraft:stone":997,"minecraft:green_dye":5,"minecraft:stone_brick_slab":150,"minecraft:iron_boots":6,"minecraft:bow":17,"minecraft:comparator":1,"minecraft:chest":138,"minecraft:copper_block":14,"minecraft:stone_bricks":580,"minecraft:oak_fence":6,"minecraft:smoker":4,"minecraft:oak_slab":192,"minecraft:item_frame":7,"sophisticatedbackpacks:backpack":2,"minecraft:crafting_table":7,"minecraft:spruce_planks":148,"minecraft:iron_helmet":2,"minecraft:wooden_pickaxe":1,"minecraft:baked_potato":229,"minecraft:gold_block":3,"minecraft:birch_planks":64,"minecraft:pumpkin_seeds":4,"sophisticatedbackpacks:upgrade_base":4,"minecraft:dispenser":13,"minecraft:spruce_trapdoor":12,"minecraft:book":3,"minecraft:iron_chestplate":3,"minecraft:paper":9,"minecraft:diamond_pickaxe":2,"minecraft:shield":4,"minecraft:stick":384,"minecraft:iron_ingot":302,"minecraft:stone_sword":3,"minecraft:redstone_torch":40,"minecraft:deepslate_bricks":876,"minecraft:shears":1,"minecraft:wooden_sword":1,"minecraft:oak_door":3,"minecraft:raw_iron":18,"minecraft:furnace":18,"minecraft:stone_button":32,"minecraft:blast_furnace":4,"minecraft:diamond_block":3,"minecraft:oak_trapdoor":12,"minecraft:polished_deepslate":876,"minecraft:iron_axe":4,"minecraft:iron_hoe":1,"minecraft:lime_dye":10,"minecraft:observer":3,"sophisticatedbackpacks:iron_backpack":2,"minecraft:cooked_beef":79,"minecraft:sugar":1,"minecraft:diamond_sword":1,"minecraft:iron_trapdoor":1,"minecraft:iron_sword":11,"minecraft:bowl":8,"minecraft:cooked_salmon":2,"minecraft:golden_shovel":1,"minecraft:bucket":2,"minecraft:stone_axe":3,"minecraft:air":0,"minecraft:jungle_planks":544,"minecraft:oak_boat":1,"minecraft:white_dye":12,"minecraft:acacia_planks":200,"minecraft:torch":28,"minecraft:lapis_block":8,"minecraft:diamond_chestplate":4},"minecraft:dropped":{"sophisticatedbackpacks:iron_backpack":1,"minecraft:iron_sword":3,"minecraft:porkchop":2,"minecraft:cooked_beef":28,"minecraft:glass_bottle":7,"minecraft:diamond":30,"minecraft:crafting_table":2,"minecraft:cooked_porkchop":8,"minecraft:crossbow":3,"minecraft:leather_helmet":1,"sophisticatedbackpacks:gold_backpack":6,"minecraft:emerald":30,"minecraft:dirt":99,"minecraft:dark_oak_fence":2,"minecraft:stone_button":1,"minecraft:wooden_sword":2,"minecraft:bone_meal":37,"minecraft:sunflower":7,"minecraft:sugar":1,"minecraft:iron_pickaxe":3,"vanillaplustools:iron_hammer":2,"alexsmobs:raccoon_tail":1,"minecraft:bone":20,"minecraft:oak_door":1,"minecraft:stone_axe":2,"minecraft:sugar_cane":6,"minecraft:iron_nugget":3,"alexsmobs:gazelle_horn":3,"minecraft:cooked_chicken":2,"minecraft:golden_chestplate":1,"alexsmobs:animal_dictionary":7,"minecraft:cobbled_deepslate":488,"minecraft:deepslate_brick_slab":384,"minecraft:rotten_flesh":21,"minecraft:oak_planks":3,"minecraft:salmon":6,"minecraft:leather_boots":3,"minecraft:acacia_sapling":25,"farmersdelight:onion_crate":3,"minecraft:painting":1,"minecraft:beef":11,"minecraft:golden_boots":1,"minecraft:iron_ingot":248,"minecraft:wheat_seeds":39,"farmersdelight:skillet":1,"minecraft:dripstone_block":3,"minecraft:iron_helmet":1,"minecraft:feather":1,"minecraft:cobblestone":144,"minecraft:granite":49,"minecraft:coal":11,"minecraft:golden_apple":1,"minecraft:jungle_slab":1,"minecraft:gray_wool":2,"minecraft:ink_sac":1,"minecraft:diamond_helmet":3,"minecraft:potion":1,"minecraft:string":6,"minecraft:lily_pad":2,"minecraft:spruce_sapling":9,"minecraft:furnace":2,"hmag:soul_powder":6,"minecraft:stone_sword":2,"minecraft:chicken":3,"minecraft:iron_boots":4,"hmag:soul_apple":2,"minecraft:shears":3,"minecraft:pumpkin_seeds":28,"minecraft:diamond_sword":1,"alexsmobs:cockroach_wing_fragment":1,"minecraft:peony":4,"minecraft:spruce_planks":7,"minecraft:diamond_pickaxe":1,"minecraft:spider_eye":5,"sophisticatedbackpacks:copper_backpack":7,"minecraft:bow":5,"waystones:waystone":1,"minecraft:red_tulip":2,"minecraft:black_wool":1,"minecraft:acacia_boat":1,"minecraft:baked_potato":64,"minecraft:leather":3,"hmag:mysterious_petal":2,"minecraft:dark_oak_log":1,"minecraft:snowball":4,"gravestone:obituary":12,"farmersdelight:onion":10,"minecraft:gravel":60,"minecraft:pointed_dripstone":19,"minecraft:carrot":66,"waystones:warp_stone":1,"minecraft:poppy":3,"minecraft:leather_chestplate":1,"minecraft:gunpowder":24,"minecraft:chest":1,"minecraft:chainmail_boots":1,"minecraft:basalt":6,"minecraft:arrow":55,"minecraft:enchanting_table":1,"minecraft:water_bucket":3,"minecraft:oak_slab":46,"minecraft:vine":2,"minecraft:golden_helmet":2,"minecraft:diamond_leggings":1,"minecraft:poisonous_potato":3,"minecraft:lead":2,"minecraft:observer":13,"minecraft:copper_ingot":17,"minecraft:stick":53,"minecraft:iron_block":1,"minecraft:diorite":113,"minecraft:torch":26,"hmag:copper_nugget":2,"minecraft:melon_slice":6,"minecraft:iron_leggings":7,"minecraft:jungle_leaves":18,"minecraft:iron_axe":2,"sophisticatedbackpacks:crafting_upgrade":2,"sophisticatedbackpacks:jukebox_upgrade":1,"minecraft:polished_deepslate":52,"alexsmobs:maggot":5,"minecraft:coarse_dirt":11,"minecraft:raw_copper":44,"minecraft:tuff":321,"farmersdelight:vegetable_soup":2,"minecraft:shield":2,"minecraft:diamond_chestplate":1,"minecraft:iron_chestplate":3,"minecraft:andesite":395,"minecraft:oak_boat":2,"minecraft:oak_sapling":6,"minecraft:diamond_boots":2,"minecraft:stone_pickaxe":11,"minecraft:wooden_pickaxe":3,"minecraft:calcite":15},"minecraft:picked_up":{"minecraft:iron_chestplate":26,"minecraft:chainmail_boots":1,"minecraft:lead":8,"minecraft:diamond_sword":7,"minecraft:oak_stairs":1,"minecraft:enchanted_book":1,"hmag:ancient_stone":3,"minecraft:brewing_stand":4,"minecraft:amethyst_block":12,"minecraft:polished_deepslate":57,"minecraft:string":522,"hmag:ravager_meat":162,"minecraft:beetroot":6,"minecraft:diamond_leggings":2,"minecraft:gold_nugget":6,"minecraft:cobbled_deepslate":2598,"minecraft:spruce_planks":59,"hmag:cureberry":2,"minecraft:melon_slice":533,"minecraft:golden_helmet":5,"minecraft:acacia_log":50,"hmag:lich_cloth":2,"minecraft:golden_chestplate":5,"alexsmobs:centipede_leg":2,"minecraft:black_dye":9,"minecraft:stone_sword":12,"farmersdelight:onion":20,"minecraft:red_tulip":8,"minecraft:blaze_rod":12,"minecraft:snowball":17,"alexsmobs:flying_fish":2,"minecraft:birch_log":104,"minecraft:magma_block":8,"minecraft:feather":81,"minecraft:cooked_beef":100,"farmersdelight:rice":22,"minecraft:water_bucket":11,"minecraft:jungle_log":257,"minecraft:copper_block":4,"minecraft:smoker":2,"alexsmobs:bison_fur":25,"minecraft:flint":12,"farmersdelight:tomato":3,"minecraft:lantern":10,"minecraft:purple_carpet":5,"minecraft:diamond_helmet":10,"hmag:exp_berry":3,"minecraft:glowstone_dust":518,"minecraft:glow_lichen":5,"hmag:necrofiber":2,"sophisticatedbackpacks:iron_backpack":7,"minecraft:ink_sac":15,"alexsmobs:animal_dictionary":25,"minecraft:dark_oak_log":1,"enchantinginfuser:enchanting_infuser":1,"minecraft:granite":431,"minecraft:chainmail_helmet":1,"alexsmobs:maggot":21,"minecraft:dark_oak_fence":4,"minecraft:diamond_pickaxe":11,"sophisticatedbackpacks:gold_backpack":19,"minecraft:crafting_table":34,"minecraft:coarse_dirt":3,"minecraft:nether_wart":17,"minecraft:clay_ball":27,"minecraft:leather_leggings":4,"gravestone:obituary":5,"alexsmobs:cooked_catfish":11,"minecraft:flint_and_steel":5,"minecraft:white_carpet":1,"minecraft:iron_shovel":6,"minecraft:beef":197,"minecraft:jungle_sapling":17,"minecraft:iron_nugget":27,"minecraft:poppy":5,"minecraft:spruce_slab":9,"minecraft:chest":63,"minecraft:oak_door":3,"sophisticatedbackpacks:crafting_upgrade":2,"sophisticatedbackpacks:backpack":4,"minecraft:fire_charge":4,"farmersdelight:tomato_seeds":2,"minecraft:carrot":1134,"minecraft:redstone":1176,"minecraft:stone_shovel":6,"minecraft:diamond_chestplate":2,"minecraft:beetroot_seeds":20,"minecraft:peony":4,"minecraft:deepslate_bricks":282,"minecraft:shears":2,"minecraft:diamond_boots":5,"minecraft:gold_ingot":87,"minecraft:totem_of_undying":7,"sophisticatedbackpacks:copper_backpack":10,"minecraft:glow_berries":13,"minecraft:mutton":90,"minecraft:white_wool":79,"minecraft:rail":4,"hmag:mysterious_petal":7,"minecraft:oxeye_daisy":2,"alexsmobs:acacia_blossom":20,"minecraft:oak_log":722,"minecraft:lily_pad":6,"minecraft:golden_boots":1,"farmersdelight:skillet":1,"vanillaplustools:iron_hammer":4,"minecraft:paper":12,"minecraft:white_banner":26,"hmag:fire_bottle":4,"minecraft:apple":7,"minecraft:stone_bricks":80,"farmersdelight:cooking_pot":3,"alexsmobs:cockroach_wing_fragment":9,"minecraft:stone_pickaxe":30,"minecraft:glass_bottle":36,"minecraft:iron_sword":32,"minecraft:smooth_basalt":15,"minecraft:sweet_berries":65,"minecraft:gravel":108,"minecraft:spruce_sapling":16,"minecraft:spruce_log":270,"minecraft:crying_obsidian":3,"minecraft:leather_helmet":2,"minecraft:stone_axe":24,"minecraft:painting":28,"minecraft:gray_wool":6,"minecraft:baked_potato":1128,"minecraft:melon_seeds":1,"minecraft:hopper":1,"minecraft:ender_pearl":19,"minecraft:wheat":19,"minecraft:potion":1,"minecraft:nether_brick":9,"minecraft:stone_brick_stairs":38,"alexsmobs:gazelle_horn":17,"minecraft:raw_copper":380,"minecraft:iron_leggings":45,"minecraft:experience_bottle":1,"minecraft:oak_sign":6,"alexsmobs:dropbear_claw":1,"minecraft:smooth_stone":2,"minecraft:bucket":1,"farmersdelight:cabbage":2,"hmag:bat_wing":4,"minecraft:calcite":8,"minecraft:iron_pickaxe":18,"alexsmobs:raccoon_tail":3,"farmersdelight:cabbage_seeds":52,"minecraft:iron_boots":25,"minecraft:furnace":29,"minecraft:stick":249,"minecraft:oak_fence":2,"minecraft:torch":287,"hmag:diamond_fragment":5,"minecraft:spruce_stairs":25,"minecraft:porkchop":16,"minecraft:pointed_dripstone":156,"minecraft:diorite":238,"minecraft:vine":48,"minecraft:goat_horn":1,"hmag:soul_apple":2,"minecraft:cactus":15,"minecraft:rotten_flesh":583,"hmag:ogre_horn":2,"minecraft:deepslate_brick_stairs":4,"minecraft:obsidian":20,"minecraft:cobblestone":5180,"minecraft:enchanting_table":1,"minecraft:leather_chestplate":2,"hmag:copper_nugget":6,"farmersdelight:onion_crate":6,"minecraft:magma_cream":1,"minecraft:repeater":1,"minecraft:andesite":748,"minecraft:golden_leggings":2,"minecraft:potato":577,"minecraft:tuff":436,"minecraft:acacia_boat":11,"alexsmobs:rocky_shell":2,"minecraft:lapis_lazuli":819,"minecraft:dirt":2775,"hmag:evil_crystal_fragment":2,"minecraft:leather_boots":5,"minecraft:glass":18,"minecraft:bone":340,"minecraft:acacia_planks":4,"minecraft:bow":30,"minecraft:wheat_seeds":330,"minecraft:deepslate_brick_slab":81,"minecraft:raw_gold":314,"minecraft:grindstone":8,"minecraft:oak_planks":175,"minecraft:stone_hoe":1,"minecraft:cooked_porkchop":24,"hmag:soul_powder":84,"minecraft:poisonous_potato":9,"minecraft:sand":92,"minecraft:jungle_planks":20,"sophisticatedbackpacks:jukebox_upgrade":2,"hmag:kobold_leather":16,"minecraft:jungle_slab":33,"minecraft:mossy_cobblestone":96,"minecraft:jungle_leaves":36,"minecraft:sugar":2,"minecraft:clay":1,"minecraft:diamond":174,"waystones:waystone":6,"alexsmobs:rattlesnake_rattle":3,"minecraft:crossbow":46,"hmag:burning_core":3,"minecraft:golden_apple":2,"minecraft:emerald":60,"minecraft:oak_sapling":83,"minecraft:netherrack":161,"minecraft:cocoa_beans":55,"minecraft:allium":14,"minecraft:chicken":31,"minecraft:wooden_pickaxe":2,"minecraft:gold_block":1,"minecraft:shield":18,"alexsmobs:hummingbird_feeder":1,"minecraft:oak_trapdoor":6,"minecraft:iron_axe":30,"minecraft:wooden_sword":1,"minecraft:item_frame":6,"takesapillage:ravager_horn":14,"minecraft:oak_boat":8,"minecraft:observer":4,"minecraft:sugar_cane":43,"minecraft:spruce_trapdoor":16,"minecraft:phantom_membrane":4,"minecraft:raw_iron":1112,"minecraft:copper_ingot":48,"minecraft:stone_button":1,"minecraft:cookie":25,"minecraft:iron_horse_armor":1,"alexsmobs:crocodile_scute":4,"minecraft:lime_candle":6,"minecraft:arrow":278,"hmag:emerald_fragment":6,"minecraft:basalt":6,"minecraft:golden_carrot":34,"minecraft:glow_ink_sac":19,"minecraft:salmon":19,"minecraft:leather":81,"minecraft:chainmail_chestplate":2,"minecraft:gunpowder":194,"minecraft:cobblestone_stairs":53,"minecraft:cooked_mutton":23,"minecraft:iron_ingot":382,"minecraft:cooked_chicken":25,"minecraft:acacia_sapling":188,"minecraft:soul_sand":18,"minecraft:green_dye":4,"minecraft:book":1,"minecraft:oak_slab":262,"minecraft:pumpkin":22,"minecraft:stone_brick_slab":15,"minecraft:quartz":157,"minecraft:dandelion":37,"minecraft:raw_iron_block":2,"minecraft:dripstone_block":128,"minecraft:amethyst_shard":290,"minecraft:white_bed":5,"minecraft:spruce_door":9,"minecraft:spider_eye":48,"alexsmobs:raw_catfish":6,"minecraft:pumpkin_seeds":38,"minecraft:iron_helmet":18,"minecraft:black_wool":3,"minecraft:coal":945,"minecraft:sunflower":40},"minecraft:killed":{"hmag:necrotic_reaper":3,"elementalcreepers:ice_creeper":2,"minecraft:cave_spider":1,"hmag:imp":1,"elementalcreepers:fire_creeper":5,"elementalcreepers:earth_creeper":3,"alexsmobs:shoebill":1,"hmag:fortress_keeper":3,"minecraft:skeleton":109,"elementalcreepers:fake_illusion_creeper":9,"alexsmobs:leafcutter_ant":1,"alexsmobs:capuchin_monkey":1,"minecraft:chicken":19,"alexsmobs:straddler":1,"alexsmobs:centipede_head":3,"minecraft:magma_cube":6,"minecraft:pillager":19,"minecraft:zombie":586,"hmag:melty_monster":3,"hmag:ogre":2,"minecraft:glow_squid":2,"takesapillage:archer":3,"minecraft:cow":36,"minecraft:evoker":4,"hmag:creeper_girl":5,"alexsmobs:raccoon":5,"minecraft:vindicator":5,"hmag:skeleton_girl":7,"alexsmobs:seagull":1,"elementalcreepers:water_creeper":2,"hmag:zombie_girl":14,"alexsmobs:underminer":2,"alexsmobs:rocky_roller":2,"minecraft:wandering_trader":1,"hmag:kobold":9,"alexsmobs:catfish":4,"minecraft:enderman":9,"elementalcreepers:light_creeper":1,"alexsmobs:hummingbird":1,"minecraft:witch":4,"elementalcreepers:celebration_creeper":1,"minecraft:spider":68,"elementalcreepers:dark_creeper":2,"elementalcreepers:reverse_creeper":8,"hmag:harpy":7,"minecraft:pig":7,"minecraft:zombie_villager":5,"minecraft:creeper":63,"minecraft:sheep":29,"minecraft:trader_llama":4,"alexsmobs:terrapin":5,"alexsmobs:fly":12,"hmag:alraune":2,"alexsmobs:komodo_dragon":2,"minecraft:blaze":7,"minecraft:vex":6,"takesapillage:legioner":2,"alexsmobs:rattlesnake":1,"elementalcreepers:spider_creeper":1,"minecraft:phantom":3,"hmag:lich":1,"elementalcreepers:electric_creeper":5,"alexsmobs:bison":5,"minecraft:drowned":2,"alexsmobs:flying_fish":4,"elementalcreepers:illusion_creeper":1,"hmag:ghost":47,"elementalcreepers:psychic_creeper":3,"takesapillage:skirmisher":1,"minecraft:squid":4,"elementalcreepers:magma_creeper":1,"alexsmobs:cockroach":6,"alexsmobs:gazelle":13,"minecraft:wither_skeleton":9},"minecraft:broken":{"minecraft:iron_boots":2,"minecraft:iron_chestplate":2,"minecraft:iron_leggings":4,"takesapillage:ravager_horn":1,"minecraft:iron_sword":8,"minecraft:stone_sword":3,"minecraft:shield":2,"minecraft:iron_axe":1,"minecraft:iron_pickaxe":12,"minecraft:iron_helmet":4,"minecraft:iron_shovel":5,"minecraft:golden_shovel":1,"minecraft:stone_pickaxe":5,"minecraft:chainmail_chestplate":1,"minecraft:stone_axe":2,"minecraft:stone_shovel":3,"minecraft:golden_chestplate":1},"minecraft:used":{"minecraft:dispenser":13,"minecraft:spruce_slab":43,"farmersdelight:cabbage_seeds":36,"minecraft:chest":189,"minecraft:stone":298,"minecraft:rotten_flesh":2,"minecraft:soul_sand":15,"minecraft:deepslate_brick_slab":1040,"minecraft:snowball":5,"hmag:exp_berry":2,"farmersdelight:vegetable_soup":1,"minecraft:lava_bucket":2,"minecraft:stone_brick_stairs":132,"minecraft:bow":494,"minecraft:oak_sapling":8,"minecraft:furnace":33,"minecraft:potato":104,"minecraft:leather_leggings":1,"minecraft:spruce_door":7,"minecraft:wooden_pickaxe":9,"minecraft:cookie":25,"minecraft:sand":6,"minecraft:blast_furnace":4,"minecraft:deepslate_brick_stairs":4,"minecraft:stone_button":24,"minecraft:diamond_sword":425,"minecraft:wooden_sword":7,"minecraft:oak_boat":5,"minecraft:oak_trapdoor":6,"minecraft:enchanting_table":1,"minecraft:stone_sword":516,"minecraft:netherrack":133,"minecraft:torch":259,"minecraft:brewing_stand":3,"minecraft:golden_shovel":32,"minecraft:iron_axe":578,"minecraft:melon_seeds":1,"minecraft:smooth_basalt":15,"minecraft:glowstone":8,"minecraft:iron_trapdoor":1,"minecraft:goat_horn":1,"farmersdelight:cooking_pot":4,"minecraft:observer":6,"minecraft:cobbled_deepslate":523,"minecraft:wheat_seeds":21,"alexsmobs:cooked_catfish":11,"minecraft:water_bucket":232,"minecraft:deepslate_bricks":1000,"minecraft:comparator":1,"minecraft:oak_slab":188,"minecraft:crafting_table":25,"minecraft:white_bed":8,"minecraft:campfire":1,"minecraft:spruce_log":171,"minecraft:oak_log":75,"minecraft:diamond_pickaxe":2276,"minecraft:iron_pickaxe":3354,"minecraft:spruce_trapdoor":12,"minecraft:spruce_sapling":4,"enchantinginfuser:enchanting_infuser":1,"minecraft:cobblestone":1431,"minecraft:potion":4,"vanillaplustools:iron_hammer":253,"minecraft:cooked_porkchop":5,"minecraft:iron_shovel":997,"minecraft:polished_deepslate":5,"minecraft:oak_sign":4,"minecraft:shield":97,"minecraft:iron_sword":2079,"minecraft:nether_wart":5,"minecraft:iron_chestplate":1,"minecraft:carrot":4,"minecraft:tuff":10,"minecraft:obsidian":14,"minecraft:glass":72,"minecraft:lantern":14,"minecraft:iron_helmet":3,"minecraft:stone_bricks":118,"minecraft:item_frame":13,"minecraft:repeater":23,"minecraft:beetroot_seeds":17,"minecraft:stone_pickaxe":810,"minecraft:oak_planks":453,"minecraft:sugar_cane":10,"minecraft:crossbow":5,"alexsmobs:terrapin_bucket":5,"waystones:waystone":5,"minecraft:lever":2,"sophisticatedbackpacks:backpack":1,"minecraft:melon_slice":150,"minecraft:grindstone":2,"minecraft:andesite":38,"minecraft:bone_meal":23,"minecraft:oak_fence":7,"minecraft:stone_shovel":468,"minecraft:redstone":3,"minecraft:spruce_planks":10,"minecraft:stone_hoe":13,"minecraft:cooked_chicken":3,"minecraft:oak_door":4,"minecraft:dirt":496,"minecraft:white_carpet":8,"minecraft:hopper":19,"minecraft:spruce_stairs":15,"minecraft:diamond_helmet":1,"minecraft:golden_chestplate":1,"minecraft:granite":3,"hmag:soul_apple":1,"minecraft:stone_brick_slab":129,"minecraft:iron_boots":5,"minecraft:cooked_beef":86,"minecraft:iron_leggings":10,"minecraft:cooked_mutton":32,"minecraft:acacia_boat":2,"minecraft:cobblestone_stairs":1,"farmersdelight:skillet":1,"minecraft:glass_bottle":6,"minecraft:baked_potato":393,"minecraft:painting":26,"minecraft:smoker":4,"minecraft:apple":3,"minecraft:stone_axe":403,"minecraft:bucket":242,"alexsmobs:animal_dictionary":17,"takesapillage:ravager_horn":1,"minecraft:purple_carpet":5,"minecraft:splash_potion":2},"minecraft:custom":{"minecraft:interact_with_crafting_table":223,"minecraft:eat_cake_slice":1,"minecraft:leave_game":26,"minecraft:time_since_death":47758,"minecraft:damage_blocked_by_shield":6360,"minecraft:play_time":2010562,"minecraft:deaths":114,"minecraft:jump":29807,"minecraft:enchant_item":5,"minecraft:interact_with_furnace":460,"minecraft:traded_with_villager":23,"minecraft:sleep_in_bed":47,"minecraft:waystone_activated":5,"minecraft:damage_dealt":147671,"minecraft:interact_with_smoker":92,"minecraft:horse_one_cm":5658,"minecraft:interact_with_anvil":8,"minecraft:inspect_hopper":2,"minecraft:damage_dealt_absorbed":399,"minecraft:sneak_time":105886,"minecraft:interact_with_blast_furnace":112,"minecraft:total_world_time":2010562,"minecraft:time_since_rest":47825,"minecraft:swim_one_cm":233459,"minecraft:fly_one_cm":6639462,"minecraft:open_chest":1356,"minecraft:fall_one_cm":596092,"minecraft:animals_bred":8,"minecraft:sprint_one_cm":5609547,"minecraft:drop":442,"minecraft:talked_to_villager":14,"minecraft:interact_with_brewingstand":21,"minecraft:walk_on_water_one_cm":198449,"minecraft:player_kills":9,"minecraft:crouch_one_cm":363467,"minecraft:mob_kills":1259,"minecraft:damage_dealt_resisted":626,"minecraft:climb_one_cm":11703,"minecraft:walk_one_cm":3122246,"minecraft:walk_under_water_one_cm":84911,"minecraft:boat_one_cm":372920,"minecraft:interact_with_grindstone":3,"minecraft:damage_taken":59557},"minecraft:mined":{"minecraft:white_bed":5,"alexsmobs:leafcutter_anthill":1,"minecraft:obsidian":23,"minecraft:granite":188,"minecraft:acacia_log":2,"minecraft:jungle_log":8,"minecraft:deepslate_bricks":157,"minecraft:oak_wall_sign":5,"minecraft:nether_wart":5,"minecraft:tall_seagrass":1,"minecraft:magma_block":9,"minecraft:cobbled_deepslate":112,"minecraft:fire":51,"minecraft:pumpkin":8,"minecraft:deepslate_lapis_ore":61,"minecraft:enchanting_table":1,"minecraft:cave_vines":26,"minecraft:oak_stairs":1,"minecraft:deepslate_brick_stairs":4,"minecraft:amethyst_cluster":71,"minecraft:torch":54,"minecraft:melon":24,"farmersdelight:cabbages":1,"minecraft:glass":5,"minecraft:cyan_bed":1,"minecraft:sugar_cane":15,"minecraft:amethyst_block":12,"minecraft:repeater":1,"minecraft:wheat":19,"minecraft:stone_brick_stairs":7,"minecraft:copper_block":2,"minecraft:grass":340,"minecraft:smooth_basalt":15,"minecraft:deepslate":1304,"farmersdelight:wild_carrots":2,"minecraft:dark_oak_log":1,"farmersdelight:wild_cabbages":14,"minecraft:redstone_ore":30,"minecraft:andesite":346,"minecraft:potatoes":102,"minecraft:vine":4,"minecraft:oak_slab":78,"minecraft:soul_sand":18,"minecraft:stone_brick_slab":16,"minecraft:observer":4,"minecraft:dandelion":9,"minecraft:tall_grass":94,"minecraft:copper_ore":45,"minecraft:deepslate_gold_ore":154,"minecraft:diorite":97,"minecraft:coarse_dirt":1,"minecraft:white_carpet":18,"minecraft:spruce_log":216,"minecraft:sunflower":9,"minecraft:gravel":98,"minecraft:dripstone_block":30,"minecraft:cobweb":99,"minecraft:stone_bricks":16,"minecraft:gold_ore":31,"minecraft:fern":7,"minecraft:large_amethyst_bud":1,"minecraft:spruce_planks":10,"minecraft:attached_melon_stem":1,"minecraft:jungle_slab":1,"minecraft:cobblestone_stairs":32,"minecraft:brewing_stand":4,"minecraft:spruce_trapdoor":9,"minecraft:cave_vines_plant":8,"minecraft:budding_amethyst":2,"minecraft:grass_block":484,"minecraft:raw_iron_block":2,"minecraft:glowstone":132,"farmersdelight:wild_rice":11,"minecraft:iron_ore":272,"minecraft:pointed_dripstone":24,"minecraft:purple_carpet":5,"sophisticatedbackpacks:copper_backpack":1,"minecraft:spruce_slab":1,"minecraft:deepslate_redstone_ore":167,"minecraft:lime_candle":3,"minecraft:clay":3,"minecraft:calcite":4,"minecraft:poppy":3,"minecraft:chest":51,"minecraft:nether_quartz_ore":30,"minecraft:cobblestone":851,"minecraft:oak_planks":50,"minecraft:wall_torch":100,"minecraft:seagrass":1,"farmersdelight:sandy_shrub":4,"minecraft:oak_log":367,"minecraft:beetroots":6,"minecraft:sand":91,"minecraft:dirt":1019,"minecraft:netherrack":191,"minecraft:oak_leaves":39,"minecraft:diamond_ore":2,"minecraft:crying_obsidian":2,"minecraft:tuff":304,"minecraft:deepslate_diamond_ore":71,"gravestone:gravestone":9,"minecraft:stone_button":1,"farmersdelight:tomatoes":2,"minecraft:spruce_leaves":36,"minecraft:large_fern":1,"minecraft:deepslate_brick_slab":54,"minecraft:furnace":25,"minecraft:carrots":24,"minecraft:peony":2,"minecraft:gold_block":1,"minecraft:polished_deepslate":4,"minecraft:deepslate_iron_ore":343,"minecraft:lantern":8,"minecraft:stone":2541,"sophisticatedbackpacks:backpack":1,"farmersdelight:cooking_pot":3,"minecraft:podzol":3,"minecraft:spruce_door":6,"minecraft:oak_fence":2,"minecraft:crafting_table":22,"minecraft:lapis_ore":22,"minecraft:lily_pad":1,"minecraft:spruce_stairs":4,"minecraft:cactus":2,"minecraft:sweet_berry_bush":23,"minecraft:coal_ore":511},"minecraft:killed_by":{"minecraft:ravager":12,"hmag:dullahan":1,"minecraft:vindicator":31,"alexsmobs:komodo_dragon":2,"minecraft:vex":33,"alexsmobs:bison":3,"takesapillage:skirmisher":1,"alexsmobs:centipede_head":2,"minecraft:evoker":3,"minecraft:creeper":2,"alexsmobs:crocodile":2,"minecraft:player":5,"takesapillage:legioner":6,"minecraft:enderman":1,"takesapillage:archer":3,"minecraft:skeleton":5,"hmag:skeleton_girl":1}},"DataVersion":3465}