{"stats":{"minecraft:crafted":{"minecraft:oak_sign":3,"minecraft:cooked_chicken":3,"minecraft:furnace":1,"minecraft:cobblestone_stairs":36,"minecraft:cooked_mutton":19,"minecraft:stone_pickaxe":24,"minecraft:chest":32,"sophisticatedbackpacks:iron_backpack":2,"minecraft:cooked_beef":13,"minecraft:crossbow":1,"minecraft:wooden_shovel":1,"minecraft:cooked_porkchop":13,"minecraft:crafting_table":3,"minecraft:baked_potato":42,"minecraft:iron_sword":1,"minecraft:cooked_salmon":4,"minecraft:pumpkin_seeds":24,"minecraft:birch_planks":16,"minecraft:campfire":1,"minecraft:stone_axe":2,"minecraft:air":0,"minecraft:shield":1,"minecraft:stick":28,"minecraft:iron_ingot":5,"minecraft:iron_pickaxe":1,"minecraft:stone_sword":1,"minecraft:torch":80,"minecraft:acacia_planks":228},"minecraft:dropped":{"sophisticatedbackpacks:iron_backpack":3,"minecraft:iron_sword":2,"minecraft:soul_sand":64,"minecraft:black_dye":9,"minecraft:cooked_beef":3,"minecraft:oak_log":68,"minecraft:baked_potato":1,"minecraft:crossbow":2,"minecraft:cobblestone":1,"minecraft:leather":2,"minecraft:granite":1,"minecraft:acacia_log":49,"minecraft:flint":2,"minecraft:emerald":1,"minecraft:stick":7,"minecraft:ink_sac":2,"minecraft:pumpkin":1,"minecraft:iron_axe":1,"minecraft:iron_pickaxe":1,"minecraft:birch_log":34,"minecraft:lily_pad":2,"minecraft:stone_axe":4,"alexsmobs:crocodile_scute":2,"alexsmobs:gazelle_horn":3,"alexsmobs:animal_dictionary":1,"minecraft:raw_copper":36,"minecraft:obsidian":1,"minecraft:iron_boots":1,"hmag:soul_apple":1,"minecraft:pumpkin_seeds":15,"minecraft:flint_and_steel":1,"minecraft:diamond_sword":1,"minecraft:shield":1,"minecraft:diamond_pickaxe":1,"minecraft:andesite":1,"minecraft:jungle_log":64,"minecraft:oak_sapling":24,"minecraft:painting":1,"minecraft:arrow":1,"minecraft:bow":1,"minecraft:calcite":4},"minecraft:killed":{"minecraft:spider":1,"minecraft:skeleton":2,"elementalcreepers:electric_creeper":2,"minecraft:chicken":5,"alexsmobs:capuchin_monkey":1,"minecraft:pig":3,"minecraft:salmon":9,"minecraft:ravager":1,"minecraft:creeper":2,"minecraft:pillager":10,"minecraft:zombie":5,"alexsmobs:gazelle":1,"takesapillage:archer":3,"minecraft:cow":2},"minecraft:picked_up":{"sophisticatedbackpacks:gold_backpack":2,"minecraft:charcoal":2,"minecraft:iron_chestplate":20,"minecraft:crafting_table":6,"minecraft:chicken":9,"minecraft:diamond_sword":2,"minecraft:shield":8,"minecraft:soul_soil":1,"alexsmobs:hummingbird_feeder":2,"alexsmobs:gazelle_horn":3,"minecraft:string":440,"hmag:ravager_meat":83,"minecraft:raw_copper":195,"minecraft:iron_axe":19,"minecraft:iron_leggings":12,"takesapillage:ravager_horn":6,"minecraft:oak_sign":3,"minecraft:diamond_leggings":1,"minecraft:detector_rail":4,"minecraft:beef":4,"minecraft:red_dye":3,"minecraft:calcite":4,"minecraft:iron_nugget":2,"minecraft:iron_pickaxe":9,"minecraft:sugar_cane":11,"minecraft:chest":11,"minecraft:egg":2,"minecraft:iron_boots":29,"minecraft:furnace":6,"minecraft:golden_helmet":5,"minecraft:raw_iron":23,"minecraft:stick":191,"minecraft:torch":87,"minecraft:acacia_log":196,"minecraft:porkchop":10,"minecraft:pointed_dripstone":1,"minecraft:diorite":277,"minecraft:carrot":342,"alexsmobs:crocodile_scute":5,"minecraft:black_dye":24,"hmag:soul_apple":1,"minecraft:stone_sword":3,"minecraft:arrow":92,"minecraft:rotten_flesh":8,"minecraft:golden_hoe":3,"farmersdelight:onion":10,"minecraft:diamond_boots":1,"minecraft:red_tulip":2,"minecraft:carved_pumpkin":6,"minecraft:glowstone":2,"minecraft:totem_of_undying":3,"minecraft:mutton":4,"minecraft:obsidian":3,"minecraft:rail":70,"minecraft:white_wool":1,"minecraft:cobblestone":2500,"minecraft:birch_log":41,"minecraft:magma_block":1,"farmersdelight:onion_crate":3,"minecraft:feather":13,"minecraft:cooked_beef":16,"minecraft:jungle_log":64,"minecraft:andesite":403,"minecraft:salmon":22,"minecraft:leather":3,"alexsmobs:acacia_blossom":12,"minecraft:red_mushroom":2,"minecraft:potato":195,"alexsmobs:bison_fur":2,"minecraft:flint":2,"minecraft:oak_log":459,"minecraft:lily_pad":4,"minecraft:acacia_boat":1,"minecraft:gunpowder":80,"minecraft:cobblestone_stairs":20,"minecraft:dirt":97,"minecraft:white_banner":4,"minecraft:name_tag":1,"minecraft:bone":16,"minecraft:acacia_planks":18,"minecraft:apple":7,"minecraft:soul_sand":64,"minecraft:bow":8,"minecraft:wheat_seeds":53,"minecraft:stone_pickaxe":24,"minecraft:iron_ingot":5,"minecraft:cooked_chicken":2,"minecraft:diamond_helmet":2,"minecraft:glass_bottle":10,"minecraft:glowstone_dust":260,"minecraft:powered_rail":2,"minecraft:oak_planks":26,"minecraft:iron_sword":16,"minecraft:stone_hoe":1,"minecraft:acacia_sapling":113,"minecraft:smooth_basalt":1,"minecraft:cooked_porkchop":32,"minecraft:pumpkin":46,"hmag:soul_powder":11,"minecraft:dandelion":3,"minecraft:poisonous_potato":2,"minecraft:dripstone_block":2,"minecraft:gravel":21,"minecraft:jungle_planks":7,"minecraft:spruce_sapling":9,"sophisticatedbackpacks:iron_backpack":11,"minecraft:ink_sac":2,"minecraft:white_bed":3,"minecraft:lily_of_the_valley":2,"minecraft:jungle_slab":30,"minecraft:spider_eye":6,"alexsmobs:animal_dictionary":10,"alexsmobs:raw_catfish":9,"minecraft:pumpkin_seeds":53,"minecraft:stone_axe":5,"minecraft:diamond":3,"waystones:waystone":2,"minecraft:iron_helmet":11,"minecraft:crossbow":31,"minecraft:granite":588,"minecraft:painting":5,"minecraft:gray_wool":4,"minecraft:emerald":13,"minecraft:baked_potato":267,"minecraft:netherrack":28,"minecraft:oak_sapling":72,"minecraft:black_wool":4,"minecraft:dark_oak_fence":4,"minecraft:coal":109,"minecraft:sunflower":2,"minecraft:diamond_pickaxe":2},"minecraft:broken":{"takesapillage:ravager_horn":1,"minecraft:stone_pickaxe":24,"minecraft:iron_axe":2,"minecraft:stone_axe":1,"minecraft:iron_sword":1,"minecraft:iron_pickaxe":1},"minecraft:used":{"minecraft:stone_sword":76,"minecraft:flint_and_steel":4,"minecraft:oak_sign":3,"minecraft:chest":39,"minecraft:shield":24,"minecraft:iron_sword":289,"minecraft:cooked_salmon":4,"minecraft:cooked_chicken":5,"minecraft:rotten_flesh":3,"minecraft:netherrack":14,"minecraft:torch":112,"minecraft:dirt":10,"minecraft:carrot":16,"minecraft:diamond_helmet":1,"minecraft:acacia_sapling":46,"minecraft:granite":76,"minecraft:iron_axe":119,"minecraft:iron_helmet":1,"minecraft:iron_boots":3,"minecraft:totem_of_undying":1,"minecraft:bow":54,"minecraft:soul_soil":1,"minecraft:furnace":3,"minecraft:egg":1,"minecraft:cooked_beef":21,"minecraft:potato":1,"minecraft:iron_leggings":2,"minecraft:diamond_boots":1,"minecraft:cooked_mutton":3,"minecraft:diorite":30,"minecraft:cobblestone_stairs":51,"minecraft:stone_pickaxe":3169,"minecraft:baked_potato":13,"minecraft:salmon":2,"minecraft:campfire":1,"minecraft:crossbow":4,"minecraft:crafting_table":5,"waystones:waystone":1,"minecraft:apple":1,"minecraft:iron_pickaxe":354,"minecraft:stone_axe":239,"minecraft:cobblestone":1309,"minecraft:cooked_porkchop":13,"minecraft:andesite":31,"alexsmobs:animal_dictionary":8,"takesapillage:ravager_horn":1},"minecraft:custom":{"minecraft:mob_kills":51,"minecraft:interact_with_crafting_table":44,"minecraft:leave_game":8,"minecraft:time_since_death":35287,"minecraft:climb_one_cm":1912,"minecraft:sprint_one_cm":1609820,"minecraft:walk_one_cm":1687704,"minecraft:damage_blocked_by_shield":1365,"minecraft:drop":76,"minecraft:play_time":545267,"minecraft:deaths":48,"minecraft:sneak_time":12263,"minecraft:walk_under_water_one_cm":31896,"minecraft:boat_one_cm":32998,"minecraft:jump":6474,"minecraft:interact_with_blast_furnace":4,"minecraft:walk_on_water_one_cm":45912,"minecraft:total_world_time":545267,"minecraft:interact_with_furnace":41,"minecraft:raid_trigger":1,"minecraft:sleep_in_bed":31,"minecraft:time_since_rest":14443,"minecraft:waystone_activated":3,"minecraft:damage_taken":17375,"minecraft:damage_dealt":7563,"minecraft:player_kills":2,"minecraft:swim_one_cm":147325,"minecraft:fly_one_cm":1427863,"minecraft:open_chest":249,"minecraft:crouch_one_cm":32214,"minecraft:interact_with_smoker":41,"minecraft:fall_one_cm":109946,"minecraft:horse_one_cm":2125},"minecraft:mined":{"minecraft:cobblestone_stairs":20,"gravestone:gravestone":1,"minecraft:carved_pumpkin":3,"minecraft:granite":332,"minecraft:dark_oak_fence":4,"minecraft:acacia_log":195,"minecraft:grass_block":9,"minecraft:soul_soil":1,"minecraft:spruce_leaves":50,"minecraft:red_mushroom":2,"minecraft:oak_wall_sign":2,"minecraft:magma_block":1,"minecraft:glowstone":66,"minecraft:furnace":2,"minecraft:carrots":1,"minecraft:iron_ore":19,"minecraft:fire":46,"minecraft:andesite":336,"minecraft:pumpkin":18,"minecraft:pointed_dripstone":1,"minecraft:red_tulip":1,"minecraft:potatoes":1,"minecraft:deepslate_iron_ore":2,"minecraft:stone":2125,"minecraft:acacia_leaves":293,"minecraft:soul_sand":65,"minecraft:lily_of_the_valley":2,"minecraft:dandelion":3,"minecraft:crafting_table":3,"minecraft:torch":15,"minecraft:chest":7,"minecraft:campfire":1,"minecraft:copper_ore":45,"minecraft:tall_grass":16,"minecraft:cobblestone":224,"minecraft:wall_torch":24,"minecraft:diorite":171,"minecraft:lily_pad":1,"minecraft:sugar_cane":4,"minecraft:acacia_sapling":1,"minecraft:birch_log":41,"minecraft:grass":127,"minecraft:coal_ore":115,"minecraft:oak_log":74,"minecraft:sunflower":1,"minecraft:gravel":12,"minecraft:dripstone_block":3,"minecraft:dirt":55,"minecraft:cobweb":23,"minecraft:acacia_planks":2,"minecraft:netherrack":28,"minecraft:oak_leaves":101},"minecraft:killed_by":{"minecraft:evoker":1,"minecraft:player":1,"takesapillage:legioner":2,"minecraft:pillager":1,"hmag:harpy":1,"minecraft:ravager":1,"takesapillage:skirmisher":5,"takesapillage:archer":6,"minecraft:vindicator":14,"alexsmobs:crocodile":1,"minecraft:blaze":1,"minecraft:witch":1,"minecraft:vex":13}},"DataVersion":3465}