{"stats":{"minecraft:killed":{"elementalcreepers:earth_creeper":2,"minecraft:spider":2,"minecraft:creeper":1,"hmag:kobold":1,"minecraft:sheep":3,"minecraft:pillager":2,"alexsmobs:cockroach":1,"minecraft:zombie":3},"minecraft:mined":{"minecraft:tuff":13,"minecraft:white_bed":2,"minecraft:deepslate_diamond_ore":5,"minecraft:grass_block":7,"sophisticatedbackpacks:iron_backpack":1,"minecraft:jungle_log":1,"minecraft:iron_ore":24,"minecraft:cobbled_deepslate":10,"minecraft:pointed_dripstone":3,"minecraft:vine":4,"minecraft:deepslate_iron_ore":8,"minecraft:stone":41,"minecraft:deepslate_redstone_ore":23,"minecraft:crafting_table":2,"minecraft:torch":4,"minecraft:calcite":4,"minecraft:chest":2,"minecraft:tall_grass":1,"minecraft:cobblestone":5,"minecraft:wall_torch":9,"minecraft:amethyst_block":4,"minecraft:wheat":12,"minecraft:grass":4,"minecraft:coal_ore":31,"minecraft:dripstone_block":1,"minecraft:gravel":8,"minecraft:cobweb":25,"minecraft:smooth_basalt":2,"minecraft:gold_ore":6,"minecraft:deepslate":596},"minecraft:killed_by":{"minecraft:zombie":1,"hmag:kobold":2},"minecraft:dropped":{"sophisticatedbackpacks:upgrade_base":2,"minecraft:water_bucket":1,"minecraft:iron_sword":1,"minecraft:lapis_lazuli":36,"minecraft:cooked_beef":14,"minecraft:oak_log":6,"minecraft:baked_potato":38,"minecraft:diamond":5,"minecraft:cooked_porkchop":1,"minecraft:crossbow":1,"minecraft:cobblestone":64,"minecraft:amethyst_block":4,"minecraft:flint":1,"minecraft:ink_sac":2,"minecraft:torch":4,"minecraft:melon_slice":123,"minecraft:potion":2,"minecraft:iron_leggings":1,"minecraft:jungle_sapling":20,"minecraft:jungle_leaves":18,"minecraft:iron_axe":1,"minecraft:iron_pickaxe":1,"minecraft:string":48,"minecraft:lily_pad":2,"minecraft:bone":1,"minecraft:redstone":82,"alexsmobs:banana_peel":2,"alexsmobs:crocodile_scute":2,"alexsmobs:gazelle_horn":3,"alexsmobs:animal_dictionary":1,"minecraft:cocoa_beans":11,"minecraft:raw_copper":32,"minecraft:tuff":6,"minecraft:raw_iron":6,"minecraft:pointed_dripstone":12,"minecraft:chicken":3,"minecraft:iron_boots":2,"minecraft:shears":1,"minecraft:jungle_log":116,"minecraft:oak_sapling":24,"minecraft:spider_eye":3,"sophisticatedbackpacks:copper_backpack":1,"minecraft:arrow":1,"minecraft:bow":1,"minecraft:beef":3,"minecraft:raw_gold":18},"minecraft:crafted":{"minecraft:oak_planks":12,"minecraft:stone_pickaxe":1,"minecraft:chest":1,"minecraft:crafting_table":2,"minecraft:iron_sword":1,"minecraft:bread":4,"minecraft:jungle_planks":52,"minecraft:diamond_pickaxe":1,"minecraft:shield":1,"minecraft:stick":16,"minecraft:iron_pickaxe":4,"minecraft:iron_ingot":10,"minecraft:stone_sword":1,"minecraft:white_bed":1,"minecraft:torch":4},"minecraft:custom":{"minecraft:mob_kills":16,"minecraft:interact_with_crafting_table":16,"minecraft:leave_game":3,"minecraft:time_since_death":25976,"minecraft:sprint_one_cm":210302,"minecraft:walk_one_cm":312753,"minecraft:drop":66,"minecraft:play_time":101643,"minecraft:deaths":4,"minecraft:sneak_time":3707,"minecraft:walk_under_water_one_cm":7022,"minecraft:jump":1264,"minecraft:interact_with_brewingstand":1,"minecraft:interact_with_blast_furnace":8,"minecraft:walk_on_water_one_cm":15084,"minecraft:total_world_time":101643,"minecraft:interact_with_furnace":9,"minecraft:sleep_in_bed":4,"minecraft:time_since_rest":26021,"minecraft:damage_taken":2198,"minecraft:damage_dealt":3375,"minecraft:swim_one_cm":2605,"minecraft:fly_one_cm":219385,"minecraft:open_chest":74,"minecraft:crouch_one_cm":9482,"minecraft:interact_with_smoker":11,"minecraft:fall_one_cm":31565},"minecraft:used":{"minecraft:stone_sword":33,"minecraft:chest":3,"minecraft:iron_sword":53,"minecraft:torch":16,"minecraft:tuff":4,"minecraft:jungle_log":3,"minecraft:iron_helmet":1,"minecraft:cobbled_deepslate":112,"minecraft:wheat_seeds":12,"minecraft:stone_pickaxe":131,"minecraft:baked_potato":18,"minecraft:crafting_table":3,"minecraft:white_bed":3,"minecraft:bread":4,"minecraft:iron_pickaxe":658,"minecraft:cobblestone":2,"minecraft:cooked_porkchop":2,"alexsmobs:animal_dictionary":1},"minecraft:broken":{"minecraft:stone_pickaxe":1,"minecraft:iron_pickaxe":2},"minecraft:picked_up":{"minecraft:cocoa_beans":86,"minecraft:crafting_table":2,"minecraft:iron_chestplate":3,"minecraft:wheat":12,"minecraft:chicken":4,"minecraft:potion":5,"minecraft:shield":1,"minecraft:amethyst_block":4,"alexsmobs:gazelle_horn":6,"minecraft:string":99,"minecraft:raw_copper":68,"minecraft:iron_axe":1,"minecraft:iron_leggings":3,"minecraft:cobbled_deepslate":765,"minecraft:beef":4,"minecraft:calcite":4,"minecraft:jungle_sapling":40,"minecraft:iron_nugget":6,"minecraft:iron_pickaxe":2,"minecraft:melon_slice":164,"minecraft:chest":2,"alexsmobs:banana_peel":2,"minecraft:iron_boots":4,"minecraft:stick":13,"minecraft:raw_iron":50,"minecraft:torch":23,"minecraft:pointed_dripstone":22,"minecraft:redstone":149,"minecraft:golden_chestplate":1,"alexsmobs:crocodile_scute":4,"minecraft:stone_sword":2,"minecraft:arrow":1,"minecraft:rotten_flesh":11,"sophisticatedbackpacks:copper_backpack":1,"minecraft:mutton":3,"minecraft:white_wool":3,"minecraft:cobblestone":246,"minecraft:oxeye_daisy":1,"minecraft:cooked_beef":21,"minecraft:water_bucket":1,"minecraft:jungle_log":236,"minecraft:leather":6,"minecraft:flint":6,"minecraft:tuff":25,"minecraft:oak_log":18,"minecraft:lily_pad":4,"minecraft:gunpowder":6,"minecraft:lapis_lazuli":94,"minecraft:dirt":68,"minecraft:white_banner":1,"minecraft:bone":2,"sophisticatedbackpacks:upgrade_base":3,"minecraft:bow":2,"minecraft:wheat_seeds":30,"alexsmobs:cockroach_wing_fragment":1,"minecraft:raw_gold":39,"minecraft:iron_ingot":5,"minecraft:oak_planks":2,"minecraft:iron_sword":2,"minecraft:smooth_basalt":4,"hmag:necrofiber":2,"minecraft:pumpkin":7,"hmag:soul_powder":1,"minecraft:dripstone_block":5,"minecraft:gravel":7,"minecraft:jungle_planks":72,"sophisticatedbackpacks:iron_backpack":4,"minecraft:ink_sac":4,"minecraft:white_bed":2,"hmag:kobold_leather":5,"minecraft:spider_eye":4,"alexsmobs:animal_dictionary":1,"minecraft:jungle_leaves":36,"minecraft:diamond":5,"minecraft:iron_helmet":3,"minecraft:crossbow":2,"minecraft:baked_potato":268,"minecraft:oak_sapling":48,"minecraft:netherrack":14,"minecraft:coal":57,"minecraft:diamond_pickaxe":3}},"DataVersion":3465}