{"stats":{"minecraft:picked_up":{"minecraft:iron_chestplate":31,"waystones:warp_stone":2,"minecraft:chainmail_boots":1,"minecraft:lead":13,"minecraft:diamond_sword":11,"minecraft:brewing_stand":1,"minecraft:amethyst_block":15,"farmersdelight:cutting_board":5,"minecraft:polished_deepslate":54,"minecraft:string":474,"hmag:ravager_meat":125,"minecraft:cooked_salmon":8,"minecraft:beetroot":3,"minecraft:diamond_leggings":5,"minecraft:gold_nugget":26,"minecraft:cobbled_deepslate":8419,"minecraft:spruce_planks":16,"minecraft:melon_slice":506,"minecraft:dark_oak_door":3,"minecraft:golden_helmet":12,"minecraft:acacia_log":8,"alexsmobs:centipede_leg":1,"minecraft:black_dye":39,"minecraft:stone_sword":2,"minecraft:red_tulip":1,"minecraft:iron_block":1,"minecraft:carved_pumpkin":1,"farmersdelight:rope":1,"minecraft:blaze_rod":2,"alexsmobs:flying_fish":15,"minecraft:birch_log":80,"minecraft:magma_block":7,"minecraft:feather":27,"minecraft:cooked_beef":54,"minecraft:water_bucket":15,"minecraft:jungle_log":603,"farmersdelight:safety_net":5,"minecraft:smoker":3,"alexsmobs:bison_fur":9,"minecraft:flint":19,"farmersdelight:tomato":4,"minecraft:lantern":9,"farmersdelight:vegetable_soup":2,"minecraft:diamond_helmet":8,"hmag:exp_berry":2,"minecraft:glowstone_dust":71,"minecraft:glow_lichen":14,"hmag:necrofiber":5,"sophisticatedbackpacks:iron_backpack":33,"minecraft:ink_sac":60,"minecraft:dark_oak_log":7,"alexsmobs:animal_dictionary":14,"minecraft:granite":380,"minecraft:bread":13,"alexsmobs:maggot":10,"minecraft:dark_oak_fence":2,"minecraft:diamond_pickaxe":10,"sophisticatedbackpacks:gold_backpack":16,"minecraft:crafting_table":22,"minecraft:coarse_dirt":12,"minecraft:nether_wart":30,"minecraft:clay_ball":37,"minecraft:leather_leggings":1,"gravestone:obituary":6,"minecraft:cornflower":2,"alexsmobs:cooked_catfish":1,"minecraft:flint_and_steel":1,"minecraft:white_carpet":16,"minecraft:beef":251,"minecraft:jungle_sapling":55,"minecraft:iron_nugget":17,"minecraft:poppy":9,"minecraft:chest":14,"minecraft:egg":2,"minecraft:oak_door":8,"sophisticatedbackpacks:crafting_upgrade":2,"sophisticatedbackpacks:backpack":1,"farmersdelight:tomato_seeds":2,"minecraft:jungle_fence_gate":1,"minecraft:carrot":1531,"minecraft:redstone":868,"minecraft:tnt":1,"minecraft:stone_shovel":3,"minecraft:diamond_chestplate":5,"minecraft:beetroot_seeds":5,"minecraft:deepslate_bricks":1277,"minecraft:shears":6,"minecraft:diamond_boots":8,"minecraft:hay_block":37,"minecraft:gold_ingot":2,"minecraft:totem_of_undying":10,"sophisticatedbackpacks:copper_backpack":8,"minecraft:glow_berries":3,"minecraft:mutton":10,"minecraft:white_wool":25,"minecraft:rail":78,"minecraft:oxeye_daisy":1,"minecraft:jungle_fence":20,"alexsmobs:acacia_blossom":20,"waystones:sandy_waystone":1,"minecraft:oak_log":468,"minecraft:lily_pad":10,"minecraft:golden_boots":3,"farmersdelight:skillet":1,"vanillaplustools:iron_hammer":2,"minecraft:paper":6,"minecraft:white_banner":30,"minecraft:apple":4,"minecraft:kelp":672,"alexsmobs:cockroach_wing_fragment":6,"minecraft:oak_fence_gate":1,"minecraft:stone_pickaxe":60,"minecraft:cobweb":6,"minecraft:glass_bottle":10,"minecraft:iron_sword":31,"minecraft:smooth_basalt":15,"minecraft:gravel":348,"minecraft:spruce_sapling":21,"minecraft:spruce_log":4,"minecraft:crying_obsidian":1,"minecraft:leather_helmet":2,"minecraft:stone_axe":12,"minecraft:painting":7,"minecraft:gray_wool":1,"minecraft:baked_potato":736,"minecraft:melon_seeds":7,"minecraft:hopper":20,"minecraft:ender_pearl":19,"minecraft:wheat":131,"minecraft:potion":7,"minecraft:raw_copper":130,"minecraft:iron_leggings":33,"minecraft:oak_sign":1,"alexsmobs:banana":12,"minecraft:bucket":12,"farmersdelight:cabbage":42,"minecraft:red_dye":2,"minecraft:calcite":13,"minecraft:wooden_shovel":1,"minecraft:iron_pickaxe":15,"farmersdelight:cabbage_seeds":111,"alexsmobs:banana_peel":2,"minecraft:iron_boots":37,"minecraft:furnace":21,"minecraft:stick":353,"minecraft:jungle_door":14,"minecraft:oak_fence":17,"minecraft:torch":467,"hmag:diamond_fragment":2,"minecraft:spruce_stairs":1,"minecraft:porkchop":26,"minecraft:pointed_dripstone":106,"minecraft:diorite":366,"minecraft:vine":30,"hmag:soul_apple":1,"minecraft:cactus":15,"minecraft:rotten_flesh":406,"hmag:ogre_horn":3,"minecraft:obsidian":3,"minecraft:cobblestone":2914,"minecraft:enchanting_table":1,"minecraft:leather_chestplate":9,"hmag:copper_nugget":2,"minecraft:andesite":166,"minecraft:golden_leggings":1,"minecraft:potato":1526,"minecraft:tuff":693,"minecraft:smooth_sandstone_stairs":4,"minecraft:acacia_boat":11,"minecraft:lapis_lazuli":353,"minecraft:dirt":1009,"hmag:evil_crystal_fragment":7,"minecraft:leather_boots":3,"minecraft:bone":289,"minecraft:acacia_planks":10,"minecraft:bow":23,"minecraft:wheat_seeds":353,"minecraft:raw_gold":205,"minecraft:deepslate_brick_slab":536,"minecraft:cobbled_deepslate_slab":75,"minecraft:bell":1,"minecraft:grindstone":9,"minecraft:bamboo":33,"minecraft:oak_planks":12,"minecraft:stone_hoe":2,"minecraft:cooked_porkchop":18,"hmag:soul_powder":52,"minecraft:poisonous_potato":6,"minecraft:sand":17,"minecraft:jungle_planks":131,"minecraft:grass_block":2,"sophisticatedbackpacks:jukebox_upgrade":1,"minecraft:cyan_bed":2,"hmag:kobold_leather":1,"minecraft:jungle_slab":14,"minecraft:mossy_cobblestone":101,"minecraft:jungle_leaves":97,"minecraft:sugar":4,"minecraft:diamond":185,"waystones:waystone":1,"alexsmobs:rattlesnake_rattle":1,"minecraft:crossbow":30,"minecraft:bone_meal":41,"minecraft:golden_apple":1,"minecraft:emerald":117,"minecraft:oak_sapling":33,"minecraft:netherrack":71,"minecraft:cocoa_beans":125,"minecraft:allium":6,"minecraft:azure_bluet":7,"minecraft:chicken":24,"minecraft:brown_mushroom":28,"minecraft:wooden_pickaxe":10,"minecraft:gold_block":1,"minecraft:chain":21,"minecraft:brick":3,"minecraft:shield":19,"minecraft:iron_axe":34,"minecraft:wooden_sword":4,"minecraft:item_frame":1,"takesapillage:ravager_horn":10,"minecraft:oak_boat":5,"minecraft:observer":14,"minecraft:lectern":25,"minecraft:sugar_cane":279,"minecraft:phantom_membrane":1,"minecraft:raw_iron":973,"minecraft:copper_ingot":29,"minecraft:bowl":1,"minecraft:cookie":31,"alexsmobs:crocodile_scute":3,"minecraft:lime_candle":12,"minecraft:arrow":237,"minecraft:nether_bricks":12,"minecraft:jungle_boat":11,"minecraft:basalt":2,"minecraft:golden_carrot":63,"minecraft:glow_ink_sac":27,"minecraft:salmon":21,"minecraft:leather":122,"minecraft:gunpowder":180,"minecraft:iron_ingot":293,"minecraft:cooked_chicken":18,"minecraft:acacia_sapling":111,"minecraft:soul_sand":67,"sophisticatedbackpacks:diamond_backpack":2,"minecraft:book":10,"minecraft:oak_slab":6,"minecraft:pumpkin":22,"minecraft:stone_brick_slab":4,"minecraft:quartz":19,"minecraft:dandelion":5,"minecraft:raw_iron_block":4,"minecraft:dripstone_block":270,"minecraft:amethyst_shard":24,"minecraft:white_bed":22,"minecraft:spider_eye":41,"alexsmobs:raw_catfish":14,"minecraft:pumpkin_seeds":45,"minecraft:iron_helmet":21,"minecraft:black_wool":1,"minecraft:coal":798,"minecraft:sunflower":5},"minecraft:custom":{"minecraft:interact_with_crafting_table":171,"minecraft:leave_game":25,"minecraft:time_since_death":197598,"minecraft:damage_blocked_by_shield":3466,"minecraft:play_time":2602058,"minecraft:deaths":152,"minecraft:jump":35561,"minecraft:enchant_item":12,"minecraft:interact_with_furnace":223,"minecraft:traded_with_villager":54,"minecraft:sleep_in_bed":55,"minecraft:waystone_activated":8,"minecraft:damage_dealt":125519,"minecraft:interact_with_smoker":162,"minecraft:inspect_dispenser":14,"minecraft:horse_one_cm":98316,"minecraft:interact_with_anvil":19,"minecraft:inspect_hopper":28,"minecraft:damage_dealt_absorbed":253,"minecraft:sneak_time":73924,"minecraft:interact_with_blast_furnace":165,"minecraft:total_world_time":2602058,"minecraft:time_since_rest":197623,"minecraft:swim_one_cm":913355,"minecraft:fly_one_cm":8194252,"minecraft:open_chest":1609,"minecraft:fall_one_cm":728255,"minecraft:animals_bred":78,"minecraft:sprint_one_cm":6077601,"minecraft:drop":567,"minecraft:talked_to_villager":79,"minecraft:interact_with_brewingstand":14,"minecraft:walk_on_water_one_cm":410675,"minecraft:player_kills":5,"minecraft:crouch_one_cm":254253,"minecraft:mob_kills":2423,"minecraft:damage_dealt_resisted":1196,"minecraft:climb_one_cm":20262,"minecraft:walk_one_cm":4650934,"minecraft:walk_under_water_one_cm":1435975,"minecraft:boat_one_cm":839906,"minecraft:damage_taken":70374},"minecraft:broken":{"minecraft:diamond_helmet":1,"minecraft:iron_boots":1,"minecraft:iron_chestplate":2,"minecraft:iron_leggings":2,"takesapillage:ravager_horn":1,"minecraft:diamond_pickaxe":2,"minecraft:wooden_sword":1,"minecraft:iron_sword":2,"minecraft:wooden_pickaxe":1,"minecraft:shield":1,"minecraft:iron_axe":2,"minecraft:iron_pickaxe":3,"minecraft:iron_helmet":1,"minecraft:golden_helmet":1,"minecraft:iron_shovel":1,"vanillaplustools:iron_hammer":1,"minecraft:golden_shovel":1,"minecraft:stone_pickaxe":6,"minecraft:diamond_boots":1,"minecraft:stone_axe":1,"minecraft:diamond_sword":1,"minecraft:golden_axe":2,"minecraft:leather_boots":1},"minecraft:mined":{"minecraft:white_bed":18,"alexsmobs:leafcutter_anthill":1,"minecraft:jungle_leaves":848,"minecraft:carved_pumpkin":1,"minecraft:granite":430,"minecraft:acacia_log":8,"minecraft:jungle_log":265,"minecraft:deepslate_bricks":514,"minecraft:hopper":20,"minecraft:nether_wart":23,"minecraft:spawner":2,"minecraft:tall_seagrass":8,"minecraft:magma_block":7,"minecraft:cobbled_deepslate":346,"minecraft:fire":61,"minecraft:pumpkin":1,"minecraft:deepslate_lapis_ore":16,"minecraft:cave_vines":2,"minecraft:smooth_sandstone_stairs":4,"minecraft:brown_mushroom":3,"minecraft:kelp_plant":60,"minecraft:smoker":1,"minecraft:amethyst_cluster":6,"minecraft:torch":150,"minecraft:melon":62,"minecraft:dead_bush":2,"minecraft:glass":5,"farmersdelight:cabbages":42,"minecraft:cyan_bed":1,"minecraft:sugar_cane":125,"minecraft:amethyst_block":7,"minecraft:chain":11,"minecraft:wheat":45,"minecraft:pumpkin_stem":1,"minecraft:grass":302,"minecraft:oak_fence_gate":1,"minecraft:smooth_basalt":4,"minecraft:deepslate":10102,"minecraft:mossy_cobblestone":53,"farmersdelight:wild_carrots":2,"minecraft:dark_oak_log":6,"minecraft:cobbled_deepslate_slab":69,"minecraft:nether_bricks":16,"minecraft:dark_oak_fence":2,"minecraft:jungle_planks":1,"minecraft:kelp":11,"minecraft:redstone_ore":10,"minecraft:andesite":309,"minecraft:potatoes":333,"minecraft:vine":90,"minecraft:rail":76,"minecraft:bamboo_sapling":1,"minecraft:bamboo":5,"minecraft:white_wool":7,"minecraft:oak_slab":2,"minecraft:soul_sand":3,"minecraft:observer":1,"minecraft:dandelion":4,"minecraft:copper_ore":36,"minecraft:tall_grass":41,"minecraft:deepslate_gold_ore":92,"minecraft:diorite":291,"minecraft:coarse_dirt":16,"minecraft:white_carpet":23,"minecraft:spruce_log":5,"minecraft:birch_leaves":10,"minecraft:sunflower":5,"minecraft:gravel":167,"minecraft:dripstone_block":185,"minecraft:cobweb":175,"minecraft:gold_ore":50,"minecraft:fern":15,"minecraft:spruce_planks":3,"minecraft:attached_melon_stem":2,"minecraft:oak_sapling":1,"minecraft:jungle_slab":2,"sophisticatedbackpacks:gold_backpack":2,"minecraft:brewing_stand":1,"minecraft:cave_vines_plant":1,"minecraft:budding_amethyst":1,"minecraft:grass_block":166,"sophisticatedbackpacks:iron_backpack":6,"minecraft:composter":1,"minecraft:frosted_ice":5,"minecraft:raw_iron_block":3,"minecraft:glowstone":42,"minecraft:iron_ore":365,"minecraft:azure_bluet":3,"minecraft:red_tulip":1,"minecraft:pointed_dripstone":48,"minecraft:deepslate_redstone_ore":153,"minecraft:jungle_door":4,"minecraft:melon_stem":2,"minecraft:lime_candle":5,"minecraft:clay":8,"diagonalfences:minecraft/oak_fence":11,"minecraft:calcite":5,"minecraft:poppy":9,"minecraft:chest":9,"farmersdelight:safety_net":5,"minecraft:mushroom_stem":8,"minecraft:nether_quartz_ore":10,"minecraft:cobblestone":397,"minecraft:oak_planks":6,"diagonalfences:minecraft/jungle_fence":20,"minecraft:grindstone":2,"minecraft:wall_torch":52,"minecraft:deepslate_copper_ore":3,"minecraft:seagrass":15,"minecraft:dark_oak_door":1,"minecraft:birch_log":80,"farmersdelight:cutting_board":5,"minecraft:oak_log":52,"minecraft:beetroots":3,"minecraft:sand":13,"minecraft:dirt":747,"minecraft:raw_copper_block":1,"minecraft:netherrack":73,"minecraft:oak_leaves":259,"minecraft:crying_obsidian":1,"minecraft:diamond_ore":1,"minecraft:tuff":1291,"minecraft:deepslate_diamond_ore":98,"minecraft:oak_door":4,"minecraft:glow_lichen":10,"gravestone:gravestone":16,"minecraft:brown_mushroom_block":90,"farmersdelight:tomatoes":2,"minecraft:sandstone":1,"minecraft:hay_block":37,"minecraft:deepslate_brick_slab":91,"minecraft:spruce_sapling":5,"minecraft:furnace":19,"minecraft:carrots":106,"minecraft:gold_block":1,"minecraft:bell":1,"minecraft:polished_deepslate":3,"minecraft:bookshelf":1,"minecraft:deepslate_iron_ore":243,"minecraft:lantern":5,"minecraft:stone":3023,"minecraft:jungle_fence_gate":1,"minecraft:podzol":4,"minecraft:crafting_table":7,"minecraft:lectern":25,"minecraft:deepslate_coal_ore":8,"minecraft:lapis_ore":24,"minecraft:spruce_stairs":1,"minecraft:cactus":9,"minecraft:coal_ore":420},"minecraft:killed_by":{"minecraft:pillager":4,"hmag:harpy":2,"minecraft:ravager":9,"hmag:zombie_girl":1,"hmag:dullahan":1,"minecraft:vindicator":29,"minecraft:zombie":4,"alexsmobs:komodo_dragon":3,"hmag:kobold":1,"minecraft:vex":27,"alexsmobs:giant_squid":1,"alexsmobs:rocky_roller":1,"alexsmobs:bison":3,"takesapillage:skirmisher":13,"alexsmobs:centipede_head":1,"minecraft:evoker":3,"minecraft:creeper":1,"hmag:ogre":1,"hmag:creeper_girl":1,"alexsmobs:crocodile":2,"minecraft:witch":1,"minecraft:player":8,"takesapillage:legioner":6,"minecraft:enderman":1,"takesapillage:archer":11,"minecraft:skeleton":11},"minecraft:crafted":{"minecraft:black_dye":21,"minecraft:jungle_fence_gate":1,"minecraft:chain":9,"sophisticatedbackpacks:crafting_upgrade":1,"farmersdelight:rope":4,"minecraft:bookshelf":17,"minecraft:cooked_mutton":48,"minecraft:glass":6,"vanillaplustools:iron_hammer":2,"minecraft:diamond_helmet":1,"minecraft:diamond_leggings":1,"sophisticatedbackpacks:copper_backpack":3,"minecraft:melon_seeds":5,"alexsmobs:cooked_catfish":4,"minecraft:golden_axe":2,"minecraft:glass_bottle":6,"minecraft:emerald":38,"minecraft:cooked_porkchop":9,"enchantinginfuser:enchanting_infuser":1,"minecraft:jungle_boat":3,"minecraft:copper_ingot":191,"minecraft:hay_block":31,"minecraft:lectern":1,"minecraft:iron_pickaxe":20,"minecraft:iron_block":43,"minecraft:gold_ingot":163,"minecraft:golden_carrot":91,"minecraft:stone_shovel":1,"minecraft:iron_nugget":90,"sophisticatedbackpacks:stack_upgrade_tier_1":1,"minecraft:bone_meal":81,"minecraft:pink_dye":10,"minecraft:white_carpet":60,"minecraft:lantern":8,"minecraft:diamond":1,"minecraft:stone_pickaxe":15,"minecraft:diamond_boots":1,"minecraft:redstone_block":21,"minecraft:jungle_fence":57,"minecraft:dark_oak_planks":28,"minecraft:wheat":468,"minecraft:deepslate_brick_slab":84,"sophisticatedbackpacks:gold_backpack":12,"minecraft:glowstone":15,"minecraft:enchanted_book":15,"minecraft:jungle_slab":6,"minecraft:oak_fence_gate":1,"minecraft:fermented_spider_eye":1,"minecraft:iron_shovel":2,"minecraft:iron_leggings":7,"minecraft:white_bed":1,"minecraft:brick":10,"minecraft:oak_planks":116,"minecraft:cooked_chicken":10,"minecraft:stone":429,"minecraft:green_dye":10,"farmersdelight:safety_net":1,"minecraft:dark_oak_door":3,"minecraft:hopper":9,"minecraft:bow":4,"minecraft:iron_boots":5,"minecraft:chest":19,"minecraft:copper_block":19,"minecraft:stone_hoe":1,"minecraft:oak_fence":3,"minecraft:raw_iron_block":1,"sophisticatedbackpacks:backpack":2,"minecraft:crafting_table":6,"minecraft:spruce_planks":16,"minecraft:iron_helmet":6,"minecraft:wooden_pickaxe":2,"minecraft:baked_potato":808,"minecraft:gold_block":3,"minecraft:birch_planks":256,"sophisticatedbackpacks:upgrade_base":3,"farmersdelight:cutting_board":1,"minecraft:book":51,"minecraft:iron_chestplate":7,"minecraft:paper":141,"minecraft:diamond_pickaxe":11,"minecraft:shield":3,"sophisticatedbackpacks:diamond_backpack":1,"minecraft:stick":149,"minecraft:iron_ingot":862,"minecraft:stone_sword":3,"vanillaplustools:diamond_hammer":2,"minecraft:deepslate_bricks":504,"minecraft:shears":3,"minecraft:cookie":8,"minecraft:cobbled_deepslate_slab":36,"minecraft:raw_iron":36,"sophisticatedbackpacks:stack_upgrade_starter_tier":2,"minecraft:polished_deepslate":500,"minecraft:iron_axe":3,"sophisticatedbackpacks:iron_backpack":14,"minecraft:cooked_beef":101,"minecraft:sugar":2,"minecraft:red_dye":9,"minecraft:diamond_sword":2,"minecraft:iron_sword":6,"minecraft:bowl":4,"minecraft:cooked_salmon":9,"minecraft:golden_shovel":1,"minecraft:bucket":10,"minecraft:air":0,"minecraft:bread":27,"minecraft:acacia_boat":2,"minecraft:jungle_planks":376,"minecraft:oak_boat":3,"minecraft:jungle_door":3,"minecraft:white_wool":13,"minecraft:gold_nugget":741,"minecraft:white_dye":9,"minecraft:anvil":1,"minecraft:acacia_planks":44,"minecraft:torch":144,"minecraft:clay":9,"minecraft:diamond_chestplate":1},"minecraft:killed":{"hmag:necrotic_reaper":2,"elementalcreepers:ice_creeper":23,"minecraft:cave_spider":5,"elementalcreepers:fire_creeper":22,"elementalcreepers:earth_creeper":23,"minecraft:skeleton":307,"elementalcreepers:fake_illusion_creeper":106,"alexsmobs:leafcutter_ant":6,"minecraft:chicken":9,"hmag:redcap":1,"alexsmobs:centipede_head":1,"elementalcreepers:cookie_creeper":7,"minecraft:salmon":11,"minecraft:pillager":38,"minecraft:zombie":899,"alexsmobs:maned_wolf":1,"alexsmobs:rain_frog":1,"hmag:ogre":2,"minecraft:glow_squid":8,"takesapillage:archer":10,"minecraft:cow":59,"minecraft:evoker":1,"alexsmobs:raccoon":2,"hmag:creeper_girl":40,"minecraft:vindicator":9,"hmag:skeleton_girl":47,"elementalcreepers:water_creeper":20,"alexsmobs:gorilla":5,"hmag:zombie_girl":68,"alexsmobs:underminer":1,"alexsmobs:guster":2,"minecraft:husk":1,"elementalcreepers:ghost_creeper":2,"minecraft:ravager":4,"hmag:kobold":2,"alexsmobs:catfish":1,"alexsmobs:giant_squid":1,"alexsmobs:crocodile":1,"minecraft:enderman":8,"elementalcreepers:light_creeper":8,"minecraft:zombified_piglin":1,"minecraft:witch":12,"elementalcreepers:celebration_creeper":1,"alexsmobs:anaconda":1,"minecraft:spider":61,"elementalcreepers:dark_creeper":22,"elementalcreepers:reverse_creeper":8,"hmag:harpy":2,"minecraft:pig":10,"minecraft:zombie_villager":7,"minecraft:creeper":322,"minecraft:sheep":4,"minecraft:trader_llama":4,"alexsmobs:terrapin":1,"alexsmobs:fly":5,"alexsmobs:komodo_dragon":1,"minecraft:blaze":7,"alexsmobs:dropbear":1,"minecraft:vex":2,"takesapillage:legioner":5,"alexsmobs:rattlesnake":3,"elementalcreepers:spider_creeper":14,"minecraft:phantom":2,"elementalcreepers:electric_creeper":22,"hmag:dogu":1,"takesapillage:clay_golem":1,"alexsmobs:bison":4,"minecraft:drowned":3,"alexsmobs:flying_fish":5,"elementalcreepers:illusion_creeper":31,"hmag:ghost":21,"elementalcreepers:psychic_creeper":24,"takesapillage:skirmisher":6,"minecraft:bat":4,"minecraft:squid":10,"alexsmobs:cockroach":5,"alexsmobs:crow":2},"minecraft:used":{"sophisticatedbackpacks:copper_backpack":6,"farmersdelight:cabbage_seeds":19,"minecraft:chest":16,"minecraft:rotten_flesh":18,"minecraft:soul_sand":31,"minecraft:jungle_slab":2,"minecraft:deepslate_brick_slab":2019,"minecraft:azure_bluet":3,"hmag:exp_berry":2,"farmersdelight:vegetable_soup":2,"minecraft:jungle_fence_gate":2,"minecraft:bow":28,"minecraft:oak_sapling":3,"minecraft:furnace":20,"minecraft:egg":1,"minecraft:potato":440,"minecraft:diorite":118,"minecraft:cactus":5,"minecraft:leather_chestplate":10,"minecraft:wooden_pickaxe":82,"minecraft:clay":4,"minecraft:jungle_boat":13,"minecraft:cookie":38,"minecraft:glow_berries":3,"minecraft:sand":3,"minecraft:pumpkin_seeds":4,"minecraft:lectern":26,"minecraft:diamond_sword":1817,"minecraft:wooden_sword":67,"minecraft:poisonous_potato":1,"minecraft:oak_boat":8,"minecraft:stone_sword":55,"waystones:sandy_waystone":1,"minecraft:carved_pumpkin":1,"minecraft:cooked_salmon":11,"minecraft:netherrack":16,"minecraft:torch":458,"minecraft:brewing_stand":2,"minecraft:anvil":1,"minecraft:golden_shovel":32,"minecraft:oak_fence_gate":1,"minecraft:iron_axe":629,"minecraft:jungle_log":10,"minecraft:melon_seeds":9,"minecraft:bamboo":21,"minecraft:diamond_chestplate":4,"minecraft:glowstone":14,"farmersdelight:tomato_seeds":4,"minecraft:observer":12,"minecraft:cobbled_deepslate":1181,"minecraft:acacia_planks":7,"minecraft:golden_axe":64,"sophisticatedbackpacks:gold_backpack":4,"minecraft:wheat_seeds":66,"alexsmobs:cooked_catfish":4,"minecraft:water_bucket":270,"minecraft:leather_boots":14,"minecraft:deepslate_bricks":2381,"minecraft:mossy_cobblestone":5,"minecraft:vine":2,"minecraft:oak_slab":10,"minecraft:crafting_table":10,"minecraft:white_bed":19,"minecraft:oak_log":19,"minecraft:diamond_pickaxe":6235,"minecraft:oxeye_daisy":1,"minecraft:sunflower":3,"minecraft:iron_pickaxe":835,"minecraft:spruce_sapling":9,"minecraft:cobblestone":572,"minecraft:potion":1,"vanillaplustools:iron_hammer":971,"minecraft:cooked_porkchop":13,"minecraft:kelp":361,"minecraft:dandelion":2,"minecraft:diamond_leggings":2,"minecraft:iron_shovel":250,"minecraft:polished_deepslate":2,"minecraft:shield":47,"minecraft:iron_sword":810,"minecraft:nether_wart":36,"minecraft:smooth_sandstone_stairs":4,"minecraft:iron_chestplate":11,"minecraft:mutton":1,"minecraft:carrot":288,"minecraft:tuff":51,"minecraft:milk_bucket":4,"minecraft:lantern":18,"minecraft:iron_helmet":2,"farmersdelight:cutting_board":6,"minecraft:hay_block":6,"farmersdelight:safety_net":5,"minecraft:beetroot_seeds":5,"minecraft:diamond_boots":3,"minecraft:stone_pickaxe":1214,"minecraft:oak_planks":14,"minecraft:jungle_fence":69,"minecraft:sugar_cane":13,"minecraft:white_wool":8,"vanillaplustools:diamond_hammer":253,"minecraft:crossbow":4,"minecraft:dripstone_block":7,"minecraft:shears":58,"alexsmobs:terrapin_bucket":11,"minecraft:dark_oak_log":2,"minecraft:melon_slice":246,"minecraft:bread":33,"minecraft:cyan_bed":2,"minecraft:gravel":1,"minecraft:golden_helmet":2,"minecraft:andesite":42,"minecraft:chain":13,"minecraft:coarse_dirt":4,"minecraft:bone_meal":110,"minecraft:oak_fence":15,"sophisticatedbackpacks:iron_backpack":7,"minecraft:stone_hoe":139,"minecraft:cooked_chicken":20,"minecraft:oak_door":4,"minecraft:dirt":426,"minecraft:white_carpet":126,"minecraft:hopper":42,"minecraft:diamond_helmet":3,"minecraft:granite":27,"minecraft:bookshelf":16,"minecraft:iron_boots":11,"minecraft:golden_carrot":7,"minecraft:cooked_beef":16,"minecraft:pumpkin":1,"minecraft:iron_leggings":3,"minecraft:cooked_mutton":15,"minecraft:acacia_boat":7,"farmersdelight:skillet":1,"minecraft:glass_bottle":7,"minecraft:baked_potato":345,"minecraft:copper_block":2,"minecraft:dark_oak_door":4,"minecraft:stone_axe":5,"minecraft:cobbled_deepslate_slab":360,"minecraft:jungle_door":5,"minecraft:bucket":294,"alexsmobs:animal_dictionary":14,"takesapillage:ravager_horn":1,"minecraft:splash_potion":1},"minecraft:dropped":{"sophisticatedbackpacks:iron_backpack":8,"minecraft:iron_sword":8,"minecraft:lapis_lazuli":22,"minecraft:cooked_beef":29,"minecraft:glow_ink_sac":5,"minecraft:glass_bottle":4,"minecraft:diamond":40,"minecraft:crafting_table":1,"minecraft:cooked_porkchop":5,"minecraft:crossbow":3,"minecraft:cookie":1,"hmag:kobold_leather":1,"minecraft:rail":70,"minecraft:item_frame":1,"sophisticatedbackpacks:gold_backpack":2,"minecraft:emerald":2,"minecraft:dirt":35,"alexsmobs:flying_fish":2,"minecraft:gold_nugget":12,"minecraft:wooden_sword":1,"minecraft:sand":5,"minecraft:iron_pickaxe":2,"minecraft:lime_candle":12,"vanillaplustools:iron_hammer":1,"minecraft:white_wool":9,"minecraft:bone":69,"alexsmobs:centipede_leg":1,"minecraft:stone_axe":2,"minecraft:goat_horn":1,"minecraft:sugar_cane":3,"minecraft:iron_nugget":12,"minecraft:cooked_chicken":5,"minecraft:detector_rail":4,"minecraft:cobbled_deepslate":380,"minecraft:wheat":64,"minecraft:obsidian":1,"minecraft:deepslate_brick_slab":67,"minecraft:rotten_flesh":153,"minecraft:azure_bluet":2,"minecraft:white_bed":1,"minecraft:salmon":3,"minecraft:jungle_log":44,"minecraft:leather_boots":1,"minecraft:acacia_sapling":12,"farmersdelight:onion_crate":3,"minecraft:painting":1,"minecraft:beef":12,"minecraft:crying_obsidian":1,"minecraft:enchanted_book":5,"minecraft:iron_ingot":341,"minecraft:black_dye":9,"minecraft:wheat_seeds":23,"farmersdelight:skillet":1,"minecraft:iron_helmet":6,"minecraft:cobblestone":533,"minecraft:apple":1,"minecraft:granite":71,"minecraft:coal":208,"minecraft:golden_apple":3,"minecraft:diamond_horse_armor":1,"minecraft:jungle_slab":2,"minecraft:golden_carrot":23,"minecraft:diamond_helmet":1,"minecraft:potion":4,"minecraft:white_banner":3,"minecraft:red_dye":3,"minecraft:iron_shovel":1,"minecraft:string":133,"hmag:evil_crystal_fragment":4,"minecraft:lily_pad":8,"minecraft:stone_brick_slab":2,"vanillaplustools:diamond_hammer":1,"alexsmobs:banana_peel":1,"hmag:soul_powder":8,"minecraft:stone_sword":1,"minecraft:experience_bottle":1,"minecraft:stone_shovel":2,"minecraft:chicken":2,"minecraft:iron_boots":10,"minecraft:name_tag":1,"hmag:soul_apple":1,"minecraft:glow_lichen":5,"minecraft:cobbled_deepslate_slab":3,"minecraft:oak_sign":1,"minecraft:pumpkin_seeds":36,"hmag:ravager_meat":6,"minecraft:diamond_sword":1,"minecraft:potato":66,"minecraft:diamond_pickaxe":1,"minecraft:spider_eye":8,"sophisticatedbackpacks:copper_backpack":2,"minecraft:bow":6,"minecraft:red_tulip":1,"minecraft:acacia_boat":3,"minecraft:oak_log":44,"minecraft:baked_potato":345,"minecraft:ender_pearl":14,"minecraft:leather":65,"minecraft:jungle_planks":36,"minecraft:flint":2,"sophisticatedbackpacks:stack_upgrade_starter_tier":1,"gravestone:obituary":19,"farmersdelight:onion":10,"minecraft:birch_log":16,"minecraft:gold_ingot":87,"minecraft:gravel":28,"hmag:fire_bottle":1,"sophisticatedbackpacks:diamond_backpack":1,"sophisticatedbackpacks:smelting_upgrade":1,"minecraft:leather_chestplate":4,"minecraft:dune_armor_trim_smithing_template":2,"minecraft:melon_seeds":2,"minecraft:glowstone":2,"minecraft:arrow":53,"minecraft:powered_rail":2,"alexsmobs:banana":10,"minecraft:quartz":97,"minecraft:water_bucket":2,"minecraft:oak_slab":60,"minecraft:vine":24,"minecraft:golden_helmet":3,"minecraft:mossy_cobblestone":48,"minecraft:diamond_leggings":1,"minecraft:poisonous_potato":3,"enchantinginfuser:enchanting_infuser":1,"minecraft:copper_ingot":10,"minecraft:grass_block":1,"minecraft:stick":54,"minecraft:diorite":9,"minecraft:torch":20,"minecraft:green_dye":10,"minecraft:melon_slice":133,"minecraft:jungle_door":3,"minecraft:iron_leggings":11,"minecraft:iron_axe":3,"minecraft:raw_iron_block":1,"sophisticatedbackpacks:crafting_upgrade":1,"sophisticatedbackpacks:jukebox_upgrade":5,"minecraft:bucket":10,"minecraft:polished_deepslate":52,"minecraft:smooth_basalt":3,"minecraft:redstone":41,"minecraft:kelp":47,"alexsmobs:maggot":2,"minecraft:blaze_rod":2,"minecraft:raw_copper":122,"minecraft:tuff":186,"minecraft:raw_iron":97,"farmersdelight:cabbage_seeds":32,"minecraft:totem_of_undying":1,"minecraft:deepslate_bricks":3062,"minecraft:shield":3,"minecraft:diamond_chestplate":1,"minecraft:iron_chestplate":10,"minecraft:andesite":21,"minecraft:oak_sapling":3,"minecraft:diamond_boots":1,"minecraft:stone_pickaxe":6,"minecraft:raw_gold":6,"minecraft:calcite":2}},"DataVersion":3465}