{"stats":{"minecraft:crafted":{"minecraft:black_dye":21,"minecraft:jungle_fence_gate":1,"minecraft:chain":9,"sophisticatedbackpacks:crafting_upgrade":1,"farmersdelight:rope":4,"minecraft:bookshelf":17,"minecraft:cooked_mutton":18,"minecraft:glass":6,"vanillaplustools:iron_hammer":1,"sophisticatedbackpacks:copper_backpack":3,"minecraft:melon_seeds":5,"alexsmobs:cooked_catfish":4,"minecraft:golden_axe":2,"minecraft:glass_bottle":6,"minecraft:emerald":38,"minecraft:cooked_porkchop":9,"enchantinginfuser:enchanting_infuser":1,"minecraft:jungle_boat":3,"minecraft:copper_ingot":191,"minecraft:hay_block":31,"minecraft:lectern":1,"minecraft:iron_pickaxe":15,"minecraft:iron_block":39,"minecraft:gold_ingot":100,"minecraft:golden_carrot":42,"minecraft:stone_shovel":1,"minecraft:iron_nugget":90,"minecraft:bone_meal":81,"minecraft:pink_dye":10,"minecraft:white_carpet":51,"minecraft:lantern":8,"minecraft:stone_pickaxe":15,"minecraft:redstone_block":1,"minecraft:jungle_fence":57,"minecraft:dark_oak_planks":28,"minecraft:wheat":441,"minecraft:deepslate_brick_slab":78,"sophisticatedbackpacks:gold_backpack":12,"minecraft:glowstone":15,"minecraft:enchanted_book":3,"minecraft:jungle_slab":6,"minecraft:oak_fence_gate":1,"minecraft:fermented_spider_eye":1,"minecraft:iron_shovel":2,"minecraft:iron_leggings":6,"minecraft:white_bed":1,"minecraft:oak_planks":116,"minecraft:cooked_chicken":10,"farmersdelight:safety_net":1,"minecraft:dark_oak_door":3,"minecraft:hopper":9,"minecraft:bow":3,"minecraft:iron_boots":4,"minecraft:chest":19,"minecraft:copper_block":19,"minecraft:stone_hoe":1,"minecraft:oak_fence":3,"minecraft:raw_iron_block":1,"sophisticatedbackpacks:backpack":2,"minecraft:crafting_table":6,"minecraft:spruce_planks":16,"minecraft:iron_helmet":5,"minecraft:wooden_pickaxe":2,"minecraft:baked_potato":774,"minecraft:gold_block":3,"minecraft:birch_planks":256,"sophisticatedbackpacks:upgrade_base":1,"farmersdelight:cutting_board":1,"minecraft:book":49,"minecraft:iron_chestplate":6,"minecraft:paper":138,"minecraft:diamond_pickaxe":2,"minecraft:shield":3,"minecraft:stick":141,"minecraft:iron_ingot":647,"minecraft:stone_sword":3,"minecraft:deepslate_bricks":500,"minecraft:shears":3,"minecraft:cookie":8,"minecraft:cobbled_deepslate_slab":36,"minecraft:raw_iron":36,"minecraft:polished_deepslate":500,"minecraft:iron_axe":3,"sophisticatedbackpacks:iron_backpack":14,"minecraft:cooked_beef":101,"minecraft:sugar":2,"minecraft:red_dye":9,"minecraft:diamond_sword":1,"minecraft:iron_sword":6,"minecraft:bowl":4,"minecraft:cooked_salmon":9,"minecraft:golden_shovel":1,"minecraft:bucket":1,"minecraft:air":0,"minecraft:bread":27,"minecraft:acacia_boat":2,"minecraft:jungle_planks":376,"minecraft:oak_boat":3,"minecraft:jungle_door":3,"minecraft:white_wool":13,"minecraft:gold_nugget":336,"minecraft:white_dye":9,"minecraft:anvil":1,"minecraft:acacia_planks":44,"minecraft:torch":144,"minecraft:clay":9},"minecraft:dropped":{"sophisticatedbackpacks:iron_backpack":8,"minecraft:iron_sword":6,"minecraft:lapis_lazuli":22,"minecraft:cooked_beef":29,"minecraft:glow_ink_sac":5,"minecraft:glass_bottle":4,"minecraft:diamond":40,"minecraft:crafting_table":1,"minecraft:cooked_porkchop":5,"minecraft:crossbow":3,"minecraft:cookie":1,"hmag:kobold_leather":1,"minecraft:rail":70,"sophisticatedbackpacks:gold_backpack":2,"minecraft:emerald":2,"minecraft:dirt":7,"minecraft:gold_nugget":3,"minecraft:sand":5,"minecraft:iron_pickaxe":2,"minecraft:lime_candle":6,"vanillaplustools:iron_hammer":1,"minecraft:white_wool":3,"minecraft:bone":16,"alexsmobs:centipede_leg":1,"minecraft:stone_axe":2,"minecraft:goat_horn":1,"minecraft:sugar_cane":2,"minecraft:iron_nugget":12,"minecraft:cooked_chicken":5,"minecraft:detector_rail":4,"minecraft:cobbled_deepslate":276,"minecraft:wheat":64,"minecraft:obsidian":1,"minecraft:deepslate_brick_slab":67,"minecraft:rotten_flesh":95,"minecraft:azure_bluet":2,"minecraft:white_bed":1,"minecraft:salmon":3,"minecraft:jungle_log":44,"minecraft:leather_boots":1,"minecraft:acacia_sapling":12,"farmersdelight:onion_crate":3,"minecraft:painting":1,"minecraft:beef":12,"minecraft:crying_obsidian":1,"minecraft:enchanted_book":1,"minecraft:iron_ingot":182,"minecraft:black_dye":9,"minecraft:wheat_seeds":23,"farmersdelight:skillet":1,"minecraft:cobblestone":517,"minecraft:iron_helmet":5,"minecraft:apple":1,"minecraft:granite":6,"minecraft:coal":37,"minecraft:golden_apple":2,"minecraft:jungle_slab":2,"minecraft:golden_carrot":23,"minecraft:potion":4,"minecraft:white_banner":3,"minecraft:red_dye":3,"minecraft:iron_shovel":1,"minecraft:string":133,"minecraft:lily_pad":8,"minecraft:stone_brick_slab":2,"alexsmobs:banana_peel":1,"hmag:soul_powder":8,"minecraft:stone_sword":1,"minecraft:experience_bottle":1,"minecraft:stone_shovel":2,"minecraft:chicken":2,"minecraft:iron_boots":10,"minecraft:name_tag":1,"hmag:soul_apple":1,"minecraft:cobbled_deepslate_slab":1,"minecraft:glow_lichen":5,"minecraft:oak_sign":1,"minecraft:pumpkin_seeds":35,"hmag:ravager_meat":6,"minecraft:diamond_sword":1,"minecraft:potato":66,"minecraft:diamond_pickaxe":1,"minecraft:spider_eye":4,"sophisticatedbackpacks:copper_backpack":2,"minecraft:bow":5,"minecraft:red_tulip":1,"minecraft:acacia_boat":3,"minecraft:oak_log":44,"minecraft:baked_potato":345,"minecraft:ender_pearl":10,"minecraft:leather":14,"minecraft:jungle_planks":36,"minecraft:flint":2,"gravestone:obituary":7,"farmersdelight:onion":10,"minecraft:birch_log":16,"minecraft:gravel":27,"hmag:fire_bottle":1,"minecraft:leather_chestplate":2,"minecraft:melon_seeds":2,"minecraft:glowstone":2,"minecraft:arrow":50,"minecraft:powered_rail":2,"alexsmobs:banana":10,"minecraft:quartz":97,"minecraft:water_bucket":2,"minecraft:oak_slab":60,"minecraft:vine":24,"minecraft:golden_helmet":2,"minecraft:mossy_cobblestone":48,"minecraft:poisonous_potato":3,"enchantinginfuser:enchanting_infuser":1,"minecraft:copper_ingot":9,"minecraft:stick":29,"minecraft:diorite":9,"minecraft:torch":20,"minecraft:melon_slice":133,"minecraft:jungle_door":3,"minecraft:iron_leggings":11,"minecraft:iron_axe":3,"minecraft:raw_iron_block":1,"sophisticatedbackpacks:crafting_upgrade":1,"sophisticatedbackpacks:jukebox_upgrade":5,"minecraft:smooth_basalt":2,"minecraft:polished_deepslate":52,"alexsmobs:maggot":2,"minecraft:blaze_rod":2,"minecraft:raw_copper":122,"minecraft:tuff":2,"minecraft:raw_iron":97,"farmersdelight:cabbage_seeds":32,"minecraft:totem_of_undying":1,"minecraft:deepslate_bricks":467,"minecraft:shield":3,"minecraft:iron_chestplate":9,"minecraft:andesite":14,"minecraft:oak_sapling":3,"minecraft:stone_pickaxe":6,"minecraft:raw_gold":6},"minecraft:picked_up":{"minecraft:iron_chestplate":29,"waystones:warp_stone":1,"minecraft:chainmail_boots":1,"minecraft:lead":13,"minecraft:diamond_sword":10,"minecraft:brewing_stand":1,"minecraft:amethyst_block":15,"farmersdelight:cutting_board":4,"minecraft:polished_deepslate":54,"hmag:ravager_meat":125,"minecraft:string":452,"minecraft:cooked_salmon":8,"minecraft:beetroot":3,"minecraft:diamond_leggings":4,"minecraft:gold_nugget":14,"minecraft:cobbled_deepslate":4253,"minecraft:spruce_planks":10,"minecraft:melon_slice":506,"minecraft:dark_oak_door":1,"minecraft:golden_helmet":11,"minecraft:acacia_log":8,"alexsmobs:centipede_leg":1,"minecraft:black_dye":39,"minecraft:stone_sword":2,"minecraft:red_tulip":1,"minecraft:iron_block":1,"minecraft:carved_pumpkin":1,"farmersdelight:rope":1,"minecraft:blaze_rod":2,"alexsmobs:flying_fish":4,"minecraft:birch_log":80,"minecraft:magma_block":7,"minecraft:feather":27,"minecraft:cooked_beef":54,"minecraft:water_bucket":15,"minecraft:jungle_log":603,"farmersdelight:safety_net":5,"minecraft:smoker":3,"alexsmobs:bison_fur":9,"minecraft:flint":5,"farmersdelight:tomato":4,"minecraft:lantern":9,"farmersdelight:vegetable_soup":2,"minecraft:diamond_helmet":7,"minecraft:glowstone_dust":68,"minecraft:glow_lichen":14,"hmag:necrofiber":5,"sophisticatedbackpacks:iron_backpack":31,"minecraft:ink_sac":25,"minecraft:dark_oak_log":7,"alexsmobs:animal_dictionary":14,"minecraft:granite":313,"minecraft:bread":13,"alexsmobs:maggot":8,"minecraft:dark_oak_fence":2,"minecraft:diamond_pickaxe":9,"sophisticatedbackpacks:gold_backpack":14,"minecraft:crafting_table":22,"minecraft:coarse_dirt":12,"minecraft:leather_leggings":1,"minecraft:nether_wart":30,"minecraft:clay_ball":37,"gravestone:obituary":1,"minecraft:cornflower":2,"alexsmobs:cooked_catfish":1,"minecraft:flint_and_steel":1,"minecraft:white_carpet":2,"minecraft:beef":237,"minecraft:jungle_sapling":55,"minecraft:iron_nugget":17,"minecraft:poppy":9,"minecraft:chest":6,"minecraft:egg":2,"minecraft:oak_door":8,"sophisticatedbackpacks:crafting_upgrade":2,"sophisticatedbackpacks:backpack":1,"farmersdelight:tomato_seeds":2,"minecraft:jungle_fence_gate":1,"minecraft:carrot":1531,"minecraft:redstone":442,"minecraft:stone_shovel":3,"minecraft:diamond_chestplate":4,"minecraft:beetroot_seeds":5,"minecraft:deepslate_bricks":358,"minecraft:shears":6,"minecraft:diamond_boots":7,"minecraft:hay_block":37,"minecraft:gold_ingot":2,"minecraft:totem_of_undying":9,"sophisticatedbackpacks:copper_backpack":7,"minecraft:mutton":10,"minecraft:white_wool":15,"minecraft:rail":78,"minecraft:oxeye_daisy":1,"minecraft:jungle_fence":20,"alexsmobs:acacia_blossom":20,"waystones:sandy_waystone":1,"minecraft:oak_log":468,"minecraft:lily_pad":10,"minecraft:golden_boots":3,"farmersdelight:skillet":1,"vanillaplustools:iron_hammer":1,"minecraft:paper":6,"minecraft:white_banner":27,"minecraft:apple":4,"minecraft:kelp":72,"alexsmobs:cockroach_wing_fragment":6,"minecraft:oak_fence_gate":1,"minecraft:stone_pickaxe":60,"minecraft:glass_bottle":10,"minecraft:iron_sword":31,"minecraft:smooth_basalt":14,"minecraft:gravel":139,"minecraft:spruce_sapling":21,"minecraft:spruce_log":4,"minecraft:crying_obsidian":1,"minecraft:leather_helmet":1,"minecraft:stone_axe":12,"minecraft:painting":7,"minecraft:gray_wool":1,"minecraft:baked_potato":695,"minecraft:melon_seeds":7,"minecraft:ender_pearl":17,"minecraft:wheat":131,"minecraft:potion":7,"minecraft:raw_copper":130,"minecraft:iron_leggings":33,"minecraft:oak_sign":1,"alexsmobs:banana":12,"farmersdelight:cabbage":19,"minecraft:red_dye":2,"minecraft:calcite":13,"minecraft:wooden_shovel":1,"minecraft:iron_pickaxe":15,"farmersdelight:cabbage_seeds":50,"alexsmobs:banana_peel":2,"minecraft:iron_boots":37,"minecraft:furnace":17,"minecraft:stick":351,"minecraft:jungle_door":14,"minecraft:oak_fence":17,"minecraft:torch":280,"hmag:diamond_fragment":2,"minecraft:spruce_stairs":1,"minecraft:porkchop":26,"minecraft:pointed_dripstone":106,"minecraft:diorite":263,"minecraft:vine":30,"hmag:soul_apple":1,"minecraft:rotten_flesh":336,"hmag:ogre_horn":3,"minecraft:obsidian":3,"minecraft:cobblestone":2525,"minecraft:enchanting_table":1,"minecraft:leather_chestplate":4,"hmag:copper_nugget":2,"minecraft:andesite":139,"minecraft:golden_leggings":1,"minecraft:potato":1526,"minecraft:tuff":325,"minecraft:smooth_sandstone_stairs":4,"minecraft:acacia_boat":11,"minecraft:lapis_lazuli":223,"minecraft:dirt":951,"minecraft:leather_boots":3,"minecraft:bone":170,"minecraft:acacia_planks":10,"minecraft:bow":22,"minecraft:wheat_seeds":353,"minecraft:raw_gold":130,"minecraft:deepslate_brick_slab":485,"minecraft:cobbled_deepslate_slab":73,"minecraft:bell":1,"minecraft:grindstone":8,"minecraft:bamboo":33,"minecraft:oak_planks":9,"minecraft:stone_hoe":2,"minecraft:cooked_porkchop":18,"hmag:soul_powder":31,"minecraft:poisonous_potato":6,"minecraft:sand":17,"minecraft:jungle_planks":131,"sophisticatedbackpacks:jukebox_upgrade":1,"minecraft:cyan_bed":2,"hmag:kobold_leather":1,"minecraft:jungle_slab":14,"minecraft:mossy_cobblestone":101,"minecraft:jungle_leaves":97,"minecraft:sugar":4,"minecraft:diamond":82,"waystones:waystone":1,"alexsmobs:rattlesnake_rattle":1,"minecraft:crossbow":29,"minecraft:bone_meal":41,"minecraft:golden_apple":1,"minecraft:emerald":103,"minecraft:oak_sapling":33,"minecraft:netherrack":71,"minecraft:cocoa_beans":125,"minecraft:allium":6,"minecraft:azure_bluet":7,"minecraft:chicken":24,"minecraft:brown_mushroom":28,"minecraft:wooden_pickaxe":10,"minecraft:gold_block":1,"minecraft:chain":21,"minecraft:brick":3,"minecraft:shield":19,"minecraft:iron_axe":34,"minecraft:wooden_sword":3,"takesapillage:ravager_horn":10,"minecraft:oak_boat":5,"minecraft:observer":14,"minecraft:lectern":25,"minecraft:sugar_cane":272,"minecraft:phantom_membrane":1,"minecraft:raw_iron":609,"minecraft:copper_ingot":28,"minecraft:bowl":1,"minecraft:cookie":31,"alexsmobs:crocodile_scute":3,"minecraft:lime_candle":12,"minecraft:arrow":206,"minecraft:nether_bricks":12,"minecraft:jungle_boat":11,"minecraft:basalt":2,"minecraft:golden_carrot":63,"minecraft:glow_ink_sac":15,"minecraft:salmon":21,"minecraft:leather":78,"minecraft:gunpowder":97,"minecraft:iron_ingot":216,"minecraft:cooked_chicken":18,"minecraft:acacia_sapling":111,"minecraft:soul_sand":67,"minecraft:book":7,"minecraft:oak_slab":6,"minecraft:pumpkin":22,"minecraft:stone_brick_slab":4,"minecraft:quartz":19,"minecraft:dandelion":5,"minecraft:dripstone_block":270,"minecraft:raw_iron_block":4,"minecraft:amethyst_shard":24,"minecraft:white_bed":22,"minecraft:spider_eye":27,"alexsmobs:raw_catfish":14,"minecraft:pumpkin_seeds":44,"minecraft:iron_helmet":20,"minecraft:black_wool":1,"minecraft:coal":534,"minecraft:sunflower":5},"minecraft:killed":{"hmag:necrotic_reaper":2,"elementalcreepers:ice_creeper":2,"minecraft:cave_spider":2,"elementalcreepers:earth_creeper":3,"minecraft:skeleton":40,"elementalcreepers:fake_illusion_creeper":3,"alexsmobs:leafcutter_ant":6,"minecraft:chicken":9,"hmag:redcap":1,"alexsmobs:centipede_head":1,"minecraft:salmon":11,"minecraft:pillager":34,"minecraft:zombie":563,"alexsmobs:maned_wolf":1,"alexsmobs:rain_frog":1,"hmag:ogre":2,"minecraft:glow_squid":5,"takesapillage:archer":7,"minecraft:cow":54,"minecraft:evoker":1,"alexsmobs:raccoon":1,"minecraft:vindicator":9,"hmag:skeleton_girl":3,"alexsmobs:gorilla":5,"hmag:zombie_girl":6,"alexsmobs:underminer":1,"alexsmobs:guster":2,"minecraft:husk":1,"minecraft:ravager":4,"hmag:kobold":2,"alexsmobs:catfish":1,"alexsmobs:crocodile":1,"minecraft:enderman":7,"minecraft:witch":7,"alexsmobs:anaconda":1,"minecraft:spider":26,"elementalcreepers:reverse_creeper":2,"hmag:harpy":2,"minecraft:pig":10,"minecraft:creeper":16,"minecraft:sheep":4,"minecraft:trader_llama":4,"alexsmobs:terrapin":1,"alexsmobs:fly":4,"alexsmobs:komodo_dragon":1,"minecraft:blaze":7,"alexsmobs:dropbear":1,"minecraft:vex":2,"takesapillage:legioner":3,"alexsmobs:rattlesnake":3,"minecraft:phantom":2,"elementalcreepers:electric_creeper":1,"hmag:dogu":1,"takesapillage:clay_golem":1,"alexsmobs:bison":4,"minecraft:drowned":1,"alexsmobs:flying_fish":2,"elementalcreepers:illusion_creeper":2,"hmag:ghost":17,"takesapillage:skirmisher":3,"minecraft:bat":4,"minecraft:squid":10,"alexsmobs:cockroach":5,"alexsmobs:crow":2},"minecraft:broken":{"minecraft:diamond_helmet":1,"minecraft:iron_boots":1,"minecraft:iron_chestplate":1,"minecraft:iron_leggings":1,"takesapillage:ravager_horn":1,"minecraft:diamond_pickaxe":2,"minecraft:wooden_sword":1,"minecraft:iron_sword":2,"minecraft:wooden_pickaxe":1,"minecraft:shield":1,"minecraft:iron_axe":2,"minecraft:iron_pickaxe":3,"minecraft:iron_helmet":1,"minecraft:golden_helmet":1,"minecraft:iron_shovel":1,"minecraft:golden_shovel":1,"minecraft:stone_pickaxe":6,"minecraft:stone_axe":1,"minecraft:golden_axe":2,"minecraft:leather_boots":1},"minecraft:used":{"sophisticatedbackpacks:copper_backpack":2,"farmersdelight:cabbage_seeds":19,"minecraft:chest":8,"minecraft:rotten_flesh":18,"minecraft:soul_sand":26,"minecraft:jungle_slab":2,"minecraft:deepslate_brick_slab":1866,"minecraft:azure_bluet":3,"farmersdelight:vegetable_soup":2,"minecraft:jungle_fence_gate":2,"minecraft:bow":10,"minecraft:oak_sapling":3,"minecraft:furnace":16,"minecraft:egg":1,"minecraft:potato":440,"minecraft:diorite":69,"minecraft:wooden_pickaxe":82,"minecraft:clay":4,"minecraft:jungle_boat":13,"minecraft:cookie":38,"minecraft:sand":3,"minecraft:pumpkin_seeds":4,"minecraft:lectern":26,"minecraft:diamond_sword":1081,"minecraft:wooden_sword":57,"minecraft:poisonous_potato":1,"minecraft:oak_boat":8,"waystones:sandy_waystone":1,"minecraft:stone_sword":55,"minecraft:carved_pumpkin":1,"minecraft:cooked_salmon":11,"minecraft:netherrack":16,"minecraft:torch":271,"minecraft:brewing_stand":2,"minecraft:anvil":1,"minecraft:golden_shovel":32,"minecraft:oak_fence_gate":1,"minecraft:iron_axe":629,"minecraft:jungle_log":10,"minecraft:melon_seeds":9,"minecraft:bamboo":21,"minecraft:diamond_chestplate":3,"minecraft:glowstone":14,"farmersdelight:tomato_seeds":4,"minecraft:cobbled_deepslate":971,"minecraft:acacia_planks":7,"minecraft:observer":12,"minecraft:golden_axe":64,"sophisticatedbackpacks:gold_backpack":1,"minecraft:wheat_seeds":66,"alexsmobs:cooked_catfish":4,"minecraft:water_bucket":247,"minecraft:leather_boots":14,"minecraft:deepslate_bricks":209,"minecraft:mossy_cobblestone":5,"minecraft:vine":2,"minecraft:oak_slab":10,"minecraft:crafting_table":10,"minecraft:white_bed":19,"minecraft:oak_log":19,"minecraft:diamond_pickaxe":4666,"minecraft:oxeye_daisy":1,"minecraft:sunflower":3,"minecraft:iron_pickaxe":835,"minecraft:spruce_sapling":9,"minecraft:cobblestone":572,"minecraft:potion":1,"vanillaplustools:iron_hammer":211,"minecraft:cooked_porkchop":13,"minecraft:dandelion":2,"minecraft:diamond_leggings":2,"minecraft:iron_shovel":250,"minecraft:polished_deepslate":2,"minecraft:shield":47,"minecraft:iron_sword":796,"minecraft:nether_wart":36,"minecraft:smooth_sandstone_stairs":4,"minecraft:iron_chestplate":3,"minecraft:mutton":1,"minecraft:carrot":265,"minecraft:tuff":28,"minecraft:milk_bucket":4,"minecraft:lantern":18,"minecraft:iron_helmet":2,"farmersdelight:cutting_board":5,"minecraft:hay_block":6,"farmersdelight:safety_net":5,"minecraft:beetroot_seeds":5,"minecraft:diamond_boots":2,"minecraft:stone_pickaxe":1214,"minecraft:oak_planks":13,"minecraft:jungle_fence":69,"minecraft:sugar_cane":13,"minecraft:white_wool":7,"minecraft:crossbow":4,"minecraft:dripstone_block":7,"minecraft:shears":58,"alexsmobs:terrapin_bucket":7,"minecraft:dark_oak_log":2,"minecraft:melon_slice":246,"minecraft:bread":33,"minecraft:cyan_bed":2,"minecraft:gravel":1,"minecraft:golden_helmet":2,"minecraft:andesite":30,"minecraft:chain":13,"minecraft:coarse_dirt":4,"minecraft:bone_meal":110,"minecraft:oak_fence":15,"sophisticatedbackpacks:iron_backpack":7,"minecraft:stone_hoe":139,"minecraft:cooked_chicken":20,"minecraft:oak_door":4,"minecraft:dirt":417,"minecraft:white_carpet":58,"minecraft:hopper":42,"minecraft:diamond_helmet":2,"minecraft:granite":27,"minecraft:bookshelf":16,"minecraft:iron_boots":11,"minecraft:golden_carrot":7,"minecraft:cooked_beef":16,"minecraft:pumpkin":1,"minecraft:iron_leggings":3,"minecraft:cooked_mutton":15,"minecraft:acacia_boat":7,"farmersdelight:skillet":1,"minecraft:glass_bottle":7,"minecraft:baked_potato":233,"minecraft:copper_block":2,"minecraft:dark_oak_door":2,"minecraft:stone_axe":5,"minecraft:cobbled_deepslate_slab":360,"minecraft:jungle_door":5,"minecraft:bucket":254,"alexsmobs:animal_dictionary":14,"takesapillage:ravager_horn":1,"minecraft:splash_potion":1},"minecraft:custom":{"minecraft:interact_with_crafting_table":148,"minecraft:leave_game":22,"minecraft:time_since_death":57742,"minecraft:damage_blocked_by_shield":3466,"minecraft:play_time":2108589,"minecraft:deaths":143,"minecraft:jump":29678,"minecraft:enchant_item":3,"minecraft:interact_with_furnace":142,"minecraft:traded_with_villager":42,"minecraft:sleep_in_bed":53,"minecraft:waystone_activated":7,"minecraft:damage_dealt":96866,"minecraft:interact_with_smoker":153,"minecraft:inspect_dispenser":1,"minecraft:horse_one_cm":98316,"minecraft:interact_with_anvil":6,"minecraft:inspect_hopper":27,"minecraft:damage_dealt_absorbed":247,"minecraft:sneak_time":50784,"minecraft:interact_with_blast_furnace":127,"minecraft:total_world_time":2108589,"minecraft:time_since_rest":57773,"minecraft:swim_one_cm":380214,"minecraft:fly_one_cm":6862206,"minecraft:open_chest":1048,"minecraft:fall_one_cm":629832,"minecraft:animals_bred":63,"minecraft:sprint_one_cm":4965841,"minecraft:drop":420,"minecraft:talked_to_villager":72,"minecraft:interact_with_brewingstand":14,"minecraft:walk_on_water_one_cm":345647,"minecraft:player_kills":5,"minecraft:crouch_one_cm":148000,"minecraft:mob_kills":962,"minecraft:damage_dealt_resisted":647,"minecraft:climb_one_cm":20226,"minecraft:walk_one_cm":3874865,"minecraft:walk_under_water_one_cm":164774,"minecraft:boat_one_cm":839906,"minecraft:damage_taken":63727},"minecraft:mined":{"minecraft:white_bed":18,"alexsmobs:leafcutter_anthill":1,"minecraft:jungle_leaves":848,"minecraft:carved_pumpkin":1,"minecraft:granite":223,"minecraft:acacia_log":8,"minecraft:jungle_log":265,"minecraft:deepslate_bricks":50,"minecraft:nether_wart":23,"minecraft:spawner":1,"minecraft:tall_seagrass":4,"minecraft:magma_block":7,"minecraft:cobbled_deepslate":295,"minecraft:fire":53,"minecraft:pumpkin":1,"minecraft:deepslate_lapis_ore":15,"minecraft:smooth_sandstone_stairs":4,"minecraft:brown_mushroom":3,"minecraft:kelp_plant":10,"minecraft:smoker":1,"minecraft:amethyst_cluster":6,"minecraft:torch":41,"minecraft:melon":62,"minecraft:dead_bush":1,"farmersdelight:cabbages":19,"minecraft:glass":5,"minecraft:cyan_bed":1,"minecraft:sugar_cane":122,"minecraft:amethyst_block":7,"minecraft:chain":11,"minecraft:wheat":45,"minecraft:pumpkin_stem":1,"minecraft:grass":299,"minecraft:oak_fence_gate":1,"minecraft:smooth_basalt":4,"minecraft:deepslate":4025,"minecraft:mossy_cobblestone":53,"farmersdelight:wild_carrots":2,"minecraft:dark_oak_log":6,"minecraft:nether_bricks":16,"minecraft:dark_oak_fence":2,"minecraft:cobbled_deepslate_slab":68,"minecraft:jungle_planks":1,"minecraft:kelp":4,"minecraft:redstone_ore":10,"minecraft:andesite":81,"minecraft:potatoes":333,"minecraft:vine":90,"minecraft:rail":76,"minecraft:bamboo_sapling":1,"minecraft:bamboo":5,"minecraft:white_wool":6,"minecraft:oak_slab":2,"minecraft:soul_sand":3,"minecraft:observer":1,"minecraft:dandelion":4,"minecraft:tall_grass":41,"minecraft:copper_ore":25,"minecraft:deepslate_gold_ore":65,"minecraft:diorite":145,"minecraft:coarse_dirt":16,"minecraft:white_carpet":21,"minecraft:spruce_log":5,"minecraft:birch_leaves":10,"minecraft:sunflower":5,"minecraft:gravel":33,"minecraft:dripstone_block":174,"minecraft:cobweb":164,"minecraft:gold_ore":39,"minecraft:fern":15,"minecraft:spruce_planks":3,"minecraft:attached_melon_stem":2,"minecraft:oak_sapling":1,"minecraft:jungle_slab":2,"sophisticatedbackpacks:gold_backpack":1,"minecraft:brewing_stand":1,"minecraft:budding_amethyst":1,"minecraft:grass_block":166,"sophisticatedbackpacks:iron_backpack":6,"minecraft:composter":1,"minecraft:frosted_ice":5,"minecraft:raw_iron_block":3,"minecraft:glowstone":42,"minecraft:iron_ore":287,"minecraft:azure_bluet":3,"minecraft:red_tulip":1,"minecraft:pointed_dripstone":42,"minecraft:deepslate_redstone_ore":69,"minecraft:jungle_door":4,"minecraft:melon_stem":2,"minecraft:lime_candle":5,"minecraft:clay":8,"diagonalfences:minecraft/oak_fence":11,"minecraft:calcite":5,"minecraft:poppy":9,"minecraft:chest":1,"farmersdelight:safety_net":5,"minecraft:mushroom_stem":8,"minecraft:nether_quartz_ore":10,"minecraft:cobblestone":377,"minecraft:grindstone":2,"diagonalfences:minecraft/jungle_fence":20,"minecraft:oak_planks":3,"minecraft:wall_torch":41,"minecraft:deepslate_copper_ore":3,"minecraft:seagrass":9,"minecraft:dark_oak_door":1,"minecraft:birch_log":80,"farmersdelight:cutting_board":4,"minecraft:oak_log":52,"minecraft:beetroots":3,"minecraft:sand":13,"minecraft:dirt":674,"minecraft:netherrack":73,"minecraft:oak_leaves":259,"minecraft:diamond_ore":1,"minecraft:crying_obsidian":1,"minecraft:tuff":330,"minecraft:deepslate_diamond_ore":47,"minecraft:oak_door":4,"minecraft:glow_lichen":9,"gravestone:gravestone":8,"minecraft:brown_mushroom_block":90,"farmersdelight:tomatoes":2,"minecraft:sandstone":1,"minecraft:hay_block":37,"minecraft:deepslate_brick_slab":57,"minecraft:spruce_sapling":5,"minecraft:furnace":15,"minecraft:carrots":106,"minecraft:gold_block":1,"minecraft:bell":1,"minecraft:polished_deepslate":3,"minecraft:bookshelf":1,"minecraft:deepslate_iron_ore":209,"minecraft:lantern":5,"minecraft:stone":1228,"minecraft:jungle_fence_gate":1,"minecraft:podzol":4,"minecraft:crafting_table":7,"minecraft:lectern":25,"minecraft:deepslate_coal_ore":8,"minecraft:lapis_ore":15,"minecraft:spruce_stairs":1,"minecraft:coal_ore":316},"minecraft:killed_by":{"minecraft:pillager":4,"hmag:harpy":2,"minecraft:ravager":9,"hmag:zombie_girl":1,"hmag:dullahan":1,"minecraft:vindicator":29,"minecraft:zombie":4,"alexsmobs:komodo_dragon":3,"hmag:kobold":1,"minecraft:vex":26,"alexsmobs:rocky_roller":1,"alexsmobs:bison":3,"takesapillage:skirmisher":13,"alexsmobs:centipede_head":1,"minecraft:evoker":3,"minecraft:creeper":1,"hmag:ogre":1,"hmag:creeper_girl":1,"alexsmobs:crocodile":2,"minecraft:witch":1,"minecraft:player":7,"takesapillage:legioner":6,"minecraft:enderman":1,"takesapillage:archer":11,"minecraft:skeleton":9}},"DataVersion":3465}