{"stats":{"minecraft:picked_up":{"sophisticatedbackpacks:gold_backpack":2,"minecraft:iron_chestplate":1,"minecraft:feather":7,"minecraft:cooked_beef":10,"minecraft:repeater":6,"minecraft:chicken":9,"minecraft:water_bucket":1,"minecraft:andesite":129,"minecraft:lead":6,"minecraft:oak_log":13,"gravestone:obituary":2,"minecraft:lapis_lazuli":41,"minecraft:dirt":6,"minecraft:raw_copper":11,"minecraft:iron_leggings":1,"minecraft:bone":2,"minecraft:kelp":11,"minecraft:bow":4,"minecraft:diamond_leggings":2,"minecraft:wheat_seeds":3,"minecraft:cobbled_deepslate":85,"minecraft:gold_nugget":4,"minecraft:iron_ingot":20,"minecraft:beef":1,"minecraft:diamond_helmet":2,"minecraft:iron_pickaxe":1,"minecraft:bamboo":210,"sophisticatedbackpacks:smelting_upgrade":1,"minecraft:sugar_cane":49,"minecraft:iron_sword":2,"minecraft:soul_sand":1,"minecraft:iron_boots":1,"minecraft:stick":1,"hmag:soul_powder":2,"minecraft:quartz":18,"minecraft:porkchop":11,"minecraft:diorite":32,"alexsmobs:animal_dictionary":1,"minecraft:arrow":42,"minecraft:diamond_chestplate":2,"minecraft:rotten_flesh":7,"minecraft:diamond":1,"sophisticatedbackpacks:copper_backpack":1,"minecraft:diamond_boots":2,"minecraft:iron_helmet":1,"minecraft:granite":95,"alexsmobs:maggot":2,"minecraft:gray_wool":1,"minecraft:cobblestone":1241,"minecraft:baked_potato":64,"minecraft:oak_sapling":4,"minecraft:netherrack":77,"minecraft:mutton":30,"minecraft:white_wool":18},"minecraft:custom":{"minecraft:interact_with_furnace":33,"minecraft:interact_with_anvil":1,"minecraft:mob_kills":99,"minecraft:interact_with_crafting_table":11,"minecraft:damage_dealt_resisted":318,"minecraft:interact_with_grindstone":2,"minecraft:leave_game":4,"minecraft:time_since_death":3577,"minecraft:sleep_in_bed":4,"minecraft:climb_one_cm":2677,"minecraft:time_since_rest":3601,"minecraft:waystone_activated":2,"minecraft:sprint_one_cm":699943,"minecraft:damage_taken":7389,"minecraft:walk_one_cm":414214,"minecraft:drop":12,"minecraft:damage_dealt":7686,"minecraft:swim_one_cm":116653,"minecraft:fly_one_cm":581096,"minecraft:open_chest":103,"minecraft:crouch_one_cm":7114,"minecraft:play_time":131713,"minecraft:deaths":15,"minecraft:sneak_time":3561,"minecraft:walk_under_water_one_cm":51903,"minecraft:jump":2660,"minecraft:interact_with_blast_furnace":15,"minecraft:walk_on_water_one_cm":36159,"minecraft:interact_with_smoker":12,"minecraft:total_world_time":131713,"minecraft:fall_one_cm":53309},"minecraft:broken":{"minecraft:iron_helmet":1},"minecraft:mined":{"minecraft:nether_gold_ore":2,"minecraft:deepslate_diamond_ore":1,"alexsmobs:leafcutter_anthill":2,"minecraft:jungle_leaves":3,"gravestone:gravestone":9,"minecraft:granite":99,"minecraft:grass_block":6,"minecraft:jungle_log":4,"minecraft:dead_bush":1,"minecraft:nether_quartz_ore":18,"minecraft:tall_grass":6,"minecraft:kelp":3,"minecraft:lapis_ore":3,"minecraft:sugar_cane":24,"minecraft:diorite":51,"minecraft:deepslate_copper_ore":3,"minecraft:seagrass":1,"minecraft:repeater":5,"minecraft:iron_ore":3,"minecraft:fire":5,"minecraft:andesite":75,"minecraft:deepslate_lapis_ore":4,"minecraft:grass":54,"minecraft:coal_ore":8,"minecraft:oak_log":13,"minecraft:gravel":3,"minecraft:dirt":9,"minecraft:fern":13,"minecraft:bamboo":21,"minecraft:stone":1219,"minecraft:netherrack":78,"minecraft:oak_leaves":3,"minecraft:deepslate":85},"minecraft:killed_by":{"minecraft:player":7,"minecraft:wither_skeleton":1,"minecraft:skeleton":1,"minecraft:zombie":3,"alexsmobs:leafcutter_ant":2},"minecraft:crafted":{"minecraft:arrow":24,"minecraft:air":0,"minecraft:glass":4,"vanillaplustools:iron_hammer":1,"minecraft:bow":1,"minecraft:iron_axe":1,"minecraft:stick":35,"minecraft:iron_pickaxe":10,"minecraft:iron_shovel":1,"minecraft:shears":1,"minecraft:wheat":9},"minecraft:killed":{"hmag:ghost":1,"minecraft:pig":5,"minecraft:spider":3,"alexsmobs:stradpole":4,"minecraft:wandering_trader":1,"minecraft:creeper":1,"alexsmobs:emu":1,"minecraft:sheep":19,"minecraft:skeleton":2,"minecraft:pillager":2,"minecraft:zombie":45,"alexsmobs:leafcutter_ant":1,"minecraft:chicken":9,"alexsmobs:capuchin_monkey":1,"minecraft:wither_skeleton":2,"minecraft:cow":1,"minecraft:blaze":1},"minecraft:used":{"minecraft:water_bucket":2,"minecraft:iron_shovel":6,"minecraft:flint_and_steel":7,"minecraft:lead":2,"minecraft:baked_potato":69,"minecraft:iron_sword":258,"minecraft:sugar_cane":49,"minecraft:netherrack":70,"minecraft:iron_chestplate":1,"minecraft:dirt":4,"minecraft:oak_log":3,"alexsmobs:terrapin_bucket":3,"minecraft:iron_axe":16,"minecraft:iron_pickaxe":240,"minecraft:iron_helmet":1,"minecraft:iron_boots":1,"minecraft:bamboo":64,"minecraft:repeater":6,"minecraft:cobblestone":4,"minecraft:bow":65,"vanillaplustools:iron_hammer":162,"minecraft:kelp":3,"minecraft:cooked_beef":5,"minecraft:bucket":5,"alexsmobs:animal_dictionary":4,"minecraft:cobbled_deepslate":4,"minecraft:iron_leggings":1},"minecraft:dropped":{"minecraft:iron_sword":1,"minecraft:diamond_leggings":1,"minecraft:cobblestone":64,"minecraft:granite":87,"sophisticatedbackpacks:gold_backpack":1,"minecraft:diamond_chestplate":1,"minecraft:andesite":54,"minecraft:diamond_helmet":1,"gravestone:obituary":1,"minecraft:diamond_boots":1,"minecraft:bow":1}},"DataVersion":3465}