{"stats":{"minecraft:picked_up":{"sophisticatedbackpacks:gold_backpack":2,"minecraft:iron_chestplate":1,"minecraft:chicken":9,"minecraft:lead":6,"gravestone:obituary":5,"minecraft:string":2,"minecraft:raw_copper":11,"minecraft:iron_leggings":1,"minecraft:diamond_leggings":2,"minecraft:gold_nugget":4,"minecraft:cobbled_deepslate":664,"minecraft:beef":1,"minecraft:oak_boat":1,"minecraft:iron_pickaxe":1,"minecraft:sugar_cane":49,"minecraft:iron_boots":1,"minecraft:stick":12,"minecraft:torch":1,"minecraft:porkchop":11,"minecraft:diorite":32,"minecraft:rotten_flesh":7,"minecraft:arrow":42,"minecraft:diamond_chestplate":2,"minecraft:deepslate_bricks":1030,"minecraft:diamond_boots":2,"sophisticatedbackpacks:copper_backpack":1,"minecraft:mutton":30,"minecraft:white_wool":18,"minecraft:cobblestone":1247,"minecraft:feather":7,"minecraft:cooked_beef":36,"minecraft:repeater":6,"minecraft:water_bucket":1,"minecraft:andesite":129,"minecraft:oak_log":58,"minecraft:gunpowder":1,"minecraft:lapis_lazuli":41,"minecraft:dirt":6,"minecraft:bone":2,"minecraft:apple":3,"minecraft:kelp":11,"minecraft:bow":5,"minecraft:wheat_seeds":3,"minecraft:iron_ingot":20,"minecraft:diamond_helmet":2,"minecraft:bamboo":210,"sophisticatedbackpacks:smelting_upgrade":1,"minecraft:iron_sword":2,"minecraft:soul_sand":1,"hmag:soul_powder":2,"minecraft:quartz":18,"alexsmobs:animal_dictionary":1,"minecraft:diamond":1,"minecraft:iron_helmet":1,"minecraft:granite":95,"minecraft:gray_wool":1,"alexsmobs:maggot":2,"minecraft:baked_potato":64,"minecraft:oak_sapling":15,"minecraft:netherrack":77},"minecraft:custom":{"minecraft:mob_kills":100,"minecraft:interact_with_anvil":1,"minecraft:interact_with_crafting_table":11,"minecraft:damage_dealt_resisted":318,"minecraft:leave_game":5,"minecraft:time_since_death":17448,"minecraft:climb_one_cm":2677,"minecraft:sprint_one_cm":844234,"minecraft:walk_one_cm":485474,"minecraft:drop":42,"minecraft:play_time":162543,"minecraft:deaths":19,"minecraft:sneak_time":4017,"minecraft:walk_under_water_one_cm":57510,"minecraft:boat_one_cm":13200,"minecraft:jump":3335,"minecraft:interact_with_blast_furnace":15,"minecraft:walk_on_water_one_cm":37320,"minecraft:total_world_time":162543,"minecraft:interact_with_furnace":43,"minecraft:interact_with_grindstone":2,"minecraft:sleep_in_bed":4,"minecraft:waystone_activated":2,"minecraft:time_since_rest":17473,"minecraft:damage_taken":9088,"minecraft:damage_dealt":7920,"minecraft:swim_one_cm":140484,"minecraft:fly_one_cm":661597,"minecraft:open_chest":134,"minecraft:crouch_one_cm":8753,"minecraft:interact_with_smoker":12,"minecraft:fall_one_cm":65127},"minecraft:broken":{"vanillaplustools:iron_hammer":1,"minecraft:iron_boots":1,"minecraft:iron_helmet":1},"minecraft:mined":{"minecraft:nether_gold_ore":2,"minecraft:deepslate_diamond_ore":1,"alexsmobs:leafcutter_anthill":2,"minecraft:jungle_leaves":3,"minecraft:granite":99,"gravestone:gravestone":14,"minecraft:grass_block":6,"minecraft:jungle_log":4,"minecraft:deepslate_bricks":3,"minecraft:kelp":3,"minecraft:cobbled_deepslate":4,"minecraft:iron_ore":3,"minecraft:fire":5,"minecraft:andesite":75,"minecraft:deepslate_lapis_ore":4,"minecraft:deepslate_iron_ore":3,"minecraft:bamboo":21,"minecraft:stone":1225,"minecraft:dead_bush":1,"minecraft:nether_quartz_ore":18,"minecraft:tall_grass":6,"minecraft:lapis_ore":3,"minecraft:sugar_cane":24,"minecraft:diorite":51,"minecraft:wall_torch":1,"minecraft:deepslate_copper_ore":3,"minecraft:seagrass":1,"minecraft:repeater":5,"minecraft:grass":54,"minecraft:oak_log":58,"minecraft:coal_ore":8,"minecraft:gravel":3,"minecraft:dirt":9,"minecraft:netherrack":78,"minecraft:oak_leaves":18,"minecraft:deepslate":821,"minecraft:fern":13},"minecraft:killed_by":{"minecraft:player":11,"minecraft:wither_skeleton":1,"alexsmobs:leafcutter_ant":2,"minecraft:skeleton":1,"minecraft:zombie":3},"minecraft:crafted":{"minecraft:stone":512,"minecraft:glass":4,"vanillaplustools:iron_hammer":1,"minecraft:bow":1,"minecraft:iron_axe":1,"minecraft:wheat":9,"minecraft:arrow":24,"minecraft:air":0,"minecraft:stick":35,"minecraft:iron_pickaxe":10,"minecraft:iron_shovel":1,"minecraft:shears":1},"minecraft:killed":{"minecraft:spider":3,"minecraft:skeleton":2,"alexsmobs:leafcutter_ant":1,"alexsmobs:capuchin_monkey":1,"minecraft:chicken":9,"hmag:ghost":1,"minecraft:pig":5,"alexsmobs:stradpole":4,"minecraft:wandering_trader":1,"minecraft:creeper":1,"minecraft:sheep":19,"alexsmobs:emu":1,"minecraft:pillager":2,"minecraft:zombie":46,"minecraft:wither_skeleton":2,"minecraft:blaze":1,"minecraft:cow":1},"minecraft:used":{"minecraft:iron_shovel":6,"minecraft:flint_and_steel":7,"minecraft:iron_sword":263,"minecraft:netherrack":70,"minecraft:iron_chestplate":1,"minecraft:dirt":4,"minecraft:iron_axe":71,"minecraft:iron_helmet":1,"minecraft:iron_boots":1,"minecraft:bamboo":64,"minecraft:repeater":6,"minecraft:bow":86,"minecraft:oak_sapling":15,"minecraft:cooked_beef":13,"minecraft:cobbled_deepslate":8,"minecraft:iron_leggings":1,"minecraft:water_bucket":2,"minecraft:lead":2,"minecraft:baked_potato":69,"minecraft:sugar_cane":49,"minecraft:deepslate_bricks":182,"alexsmobs:terrapin_bucket":3,"minecraft:oak_log":3,"minecraft:iron_pickaxe":264,"minecraft:cobblestone":4,"vanillaplustools:iron_hammer":248,"minecraft:bucket":5,"minecraft:oak_boat":1,"alexsmobs:animal_dictionary":4,"minecraft:kelp":3},"minecraft:dropped":{"minecraft:iron_sword":1,"minecraft:diamond_leggings":1,"minecraft:cobblestone":64,"minecraft:granite":87,"sophisticatedbackpacks:gold_backpack":1,"minecraft:diamond_helmet":1,"gravestone:obituary":4,"minecraft:cobbled_deepslate":712,"minecraft:deepslate_bricks":784,"minecraft:diamond_chestplate":1,"minecraft:andesite":54,"minecraft:diamond_boots":1,"minecraft:bow":2}},"DataVersion":3465}