{"stats":{"minecraft:picked_up":{"sophisticatedbackpacks:gold_backpack":2,"minecraft:iron_chestplate":1,"minecraft:feather":7,"minecraft:cooked_beef":10,"minecraft:repeater":3,"minecraft:chicken":9,"minecraft:water_bucket":1,"minecraft:andesite":21,"minecraft:lead":6,"minecraft:oak_log":8,"gravestone:obituary":2,"minecraft:lapis_lazuli":41,"minecraft:dirt":6,"minecraft:raw_copper":11,"minecraft:iron_leggings":1,"minecraft:bone":2,"minecraft:bow":4,"minecraft:diamond_leggings":2,"minecraft:wheat_seeds":3,"minecraft:cobbled_deepslate":85,"minecraft:gold_nugget":4,"minecraft:iron_ingot":20,"minecraft:beef":1,"minecraft:diamond_helmet":2,"minecraft:iron_pickaxe":1,"minecraft:bamboo":210,"sophisticatedbackpacks:smelting_upgrade":1,"minecraft:sugar_cane":49,"minecraft:iron_sword":2,"minecraft:soul_sand":1,"minecraft:iron_boots":1,"minecraft:stick":1,"hmag:soul_powder":2,"minecraft:quartz":18,"minecraft:porkchop":11,"minecraft:diorite":32,"alexsmobs:animal_dictionary":1,"minecraft:arrow":40,"minecraft:diamond_chestplate":2,"minecraft:rotten_flesh":4,"minecraft:diamond":1,"minecraft:diamond_boots":2,"minecraft:iron_helmet":1,"minecraft:granite":8,"alexsmobs:maggot":2,"minecraft:gray_wool":1,"minecraft:cobblestone":85,"minecraft:baked_potato":64,"minecraft:oak_sapling":4,"minecraft:netherrack":77,"minecraft:mutton":30,"minecraft:white_wool":18},"minecraft:custom":{"minecraft:interact_with_furnace":6,"minecraft:interact_with_anvil":1,"minecraft:mob_kills":90,"minecraft:interact_with_crafting_table":9,"minecraft:interact_with_grindstone":1,"minecraft:leave_game":4,"minecraft:time_since_death":10559,"minecraft:sleep_in_bed":4,"minecraft:climb_one_cm":2304,"minecraft:time_since_rest":10592,"minecraft:waystone_activated":2,"minecraft:sprint_one_cm":615726,"minecraft:damage_taken":5917,"minecraft:walk_one_cm":344361,"minecraft:drop":8,"minecraft:damage_dealt":6743,"minecraft:swim_one_cm":24027,"minecraft:fly_one_cm":514516,"minecraft:open_chest":78,"minecraft:crouch_one_cm":4275,"minecraft:play_time":107713,"minecraft:deaths":11,"minecraft:sneak_time":2864,"minecraft:walk_under_water_one_cm":17753,"minecraft:jump":2366,"minecraft:interact_with_blast_furnace":7,"minecraft:walk_on_water_one_cm":20764,"minecraft:interact_with_smoker":10,"minecraft:total_world_time":107713,"minecraft:fall_one_cm":43761},"minecraft:mined":{"minecraft:nether_gold_ore":2,"minecraft:deepslate_diamond_ore":1,"alexsmobs:leafcutter_anthill":2,"gravestone:gravestone":5,"minecraft:granite":8,"minecraft:grass_block":6,"minecraft:dead_bush":1,"minecraft:nether_quartz_ore":18,"minecraft:tall_grass":6,"minecraft:lapis_ore":3,"minecraft:sugar_cane":24,"minecraft:diorite":51,"minecraft:deepslate_copper_ore":3,"minecraft:seagrass":1,"minecraft:repeater":3,"minecraft:fire":5,"minecraft:andesite":21,"minecraft:deepslate_lapis_ore":4,"minecraft:grass":53,"minecraft:oak_log":8,"minecraft:dirt":8,"minecraft:fern":13,"minecraft:bamboo":21,"minecraft:stone":83,"minecraft:netherrack":78,"minecraft:oak_leaves":2,"minecraft:deepslate":85},"minecraft:killed_by":{"minecraft:player":7,"minecraft:wither_skeleton":1,"minecraft:skeleton":1,"alexsmobs:leafcutter_ant":2},"minecraft:crafted":{"minecraft:arrow":24,"vanillaplustools:iron_hammer":1,"minecraft:bow":1,"minecraft:stick":35,"minecraft:iron_pickaxe":10,"minecraft:iron_shovel":1,"minecraft:shears":1,"minecraft:wheat":9},"minecraft:killed":{"hmag:ghost":1,"minecraft:pig":5,"alexsmobs:stradpole":4,"minecraft:wandering_trader":1,"alexsmobs:emu":1,"minecraft:sheep":19,"minecraft:skeleton":1,"minecraft:pillager":2,"minecraft:zombie":41,"alexsmobs:leafcutter_ant":1,"minecraft:chicken":9,"alexsmobs:capuchin_monkey":1,"minecraft:wither_skeleton":2,"minecraft:cow":1,"minecraft:blaze":1},"minecraft:used":{"minecraft:water_bucket":2,"minecraft:iron_shovel":6,"minecraft:flint_and_steel":7,"minecraft:lead":2,"minecraft:baked_potato":69,"minecraft:iron_sword":231,"minecraft:sugar_cane":49,"minecraft:netherrack":70,"minecraft:iron_chestplate":1,"minecraft:dirt":4,"minecraft:oak_log":3,"alexsmobs:terrapin_bucket":3,"minecraft:iron_pickaxe":229,"minecraft:iron_helmet":1,"minecraft:iron_boots":1,"minecraft:bamboo":64,"minecraft:repeater":1,"minecraft:bow":49,"vanillaplustools:iron_hammer":17,"minecraft:cooked_beef":2,"minecraft:bucket":5,"alexsmobs:animal_dictionary":4,"minecraft:cobbled_deepslate":4,"minecraft:iron_leggings":1},"minecraft:dropped":{"minecraft:iron_sword":1,"minecraft:diamond_leggings":1,"sophisticatedbackpacks:gold_backpack":1,"minecraft:diamond_chestplate":1,"minecraft:diamond_helmet":1,"gravestone:obituary":1,"minecraft:diamond_boots":1,"minecraft:bow":1}},"DataVersion":3465}