{"stats":{"minecraft:crafted":{"minecraft:bow":1,"minecraft:stick":3},"minecraft:dropped":{"sophisticatedbackpacks:gold_backpack":1,"minecraft:bow":1},"minecraft:killed":{"minecraft:pig":3,"alexsmobs:stradpole":4,"minecraft:wandering_trader":1,"alexsmobs:emu":1,"minecraft:sheep":19,"minecraft:skeleton":1,"minecraft:pillager":2,"minecraft:zombie":39,"minecraft:chicken":9,"alexsmobs:capuchin_monkey":1,"minecraft:wither_skeleton":2,"minecraft:blaze":1,"minecraft:cow":1},"minecraft:picked_up":{"sophisticatedbackpacks:gold_backpack":2,"minecraft:iron_chestplate":1,"minecraft:feather":7,"minecraft:chicken":9,"minecraft:water_bucket":1,"minecraft:andesite":21,"minecraft:lead":6,"minecraft:oak_log":8,"gravestone:obituary":1,"minecraft:lapis_lazuli":41,"minecraft:dirt":4,"minecraft:raw_copper":11,"minecraft:iron_leggings":1,"minecraft:bone":2,"minecraft:bow":3,"minecraft:wheat_seeds":1,"minecraft:cobbled_deepslate":85,"minecraft:gold_nugget":4,"minecraft:beef":1,"minecraft:iron_pickaxe":1,"minecraft:bamboo":210,"minecraft:iron_sword":1,"minecraft:soul_sand":1,"minecraft:iron_boots":1,"minecraft:stick":1,"minecraft:quartz":18,"minecraft:porkchop":7,"alexsmobs:animal_dictionary":1,"minecraft:arrow":40,"minecraft:rotten_flesh":1,"minecraft:diamond":1,"minecraft:iron_helmet":1,"minecraft:granite":8,"minecraft:gray_wool":1,"minecraft:baked_potato":64,"minecraft:oak_sapling":4,"minecraft:netherrack":77,"minecraft:mutton":30,"minecraft:white_wool":18},"minecraft:used":{"minecraft:water_bucket":2,"minecraft:flint_and_steel":7,"minecraft:lead":2,"minecraft:baked_potato":44,"minecraft:iron_sword":171,"minecraft:netherrack":70,"minecraft:iron_chestplate":1,"minecraft:dirt":4,"minecraft:oak_log":3,"alexsmobs:terrapin_bucket":3,"minecraft:iron_pickaxe":223,"minecraft:iron_helmet":1,"minecraft:iron_boots":1,"minecraft:bamboo":64,"minecraft:bow":49,"minecraft:bucket":5,"alexsmobs:animal_dictionary":4,"minecraft:cobbled_deepslate":4,"minecraft:iron_leggings":1},"minecraft:custom":{"minecraft:interact_with_furnace":2,"minecraft:interact_with_anvil":1,"minecraft:mob_kills":84,"minecraft:interact_with_crafting_table":1,"minecraft:leave_game":4,"minecraft:time_since_death":28636,"minecraft:sleep_in_bed":3,"minecraft:climb_one_cm":40,"minecraft:time_since_rest":14443,"minecraft:waystone_activated":1,"minecraft:sprint_one_cm":447788,"minecraft:damage_taken":2649,"minecraft:walk_one_cm":238611,"minecraft:drop":2,"minecraft:damage_dealt":5233,"minecraft:swim_one_cm":5086,"minecraft:fly_one_cm":334628,"minecraft:open_chest":26,"minecraft:crouch_one_cm":3626,"minecraft:play_time":73779,"minecraft:deaths":4,"minecraft:sneak_time":2678,"minecraft:walk_under_water_one_cm":1539,"minecraft:jump":1602,"minecraft:interact_with_blast_furnace":1,"minecraft:walk_on_water_one_cm":5922,"minecraft:total_world_time":73779,"minecraft:interact_with_smoker":6,"minecraft:fall_one_cm":30235},"minecraft:mined":{"minecraft:nether_gold_ore":2,"minecraft:deepslate_diamond_ore":1,"gravestone:gravestone":2,"minecraft:granite":8,"minecraft:grass_block":5,"minecraft:dead_bush":1,"minecraft:nether_quartz_ore":18,"minecraft:tall_grass":2,"minecraft:lapis_ore":3,"minecraft:deepslate_copper_ore":3,"minecraft:fire":5,"minecraft:andesite":21,"minecraft:deepslate_lapis_ore":4,"minecraft:grass":28,"minecraft:oak_log":8,"minecraft:dirt":2,"minecraft:bamboo":21,"minecraft:netherrack":78,"minecraft:deepslate":85,"minecraft:oak_leaves":2},"minecraft:killed_by":{"minecraft:player":2,"minecraft:wither_skeleton":1,"minecraft:skeleton":1}},"DataVersion":3465}